-- phpMyAdmin SQL Dump
-- version 4.8.2
-- https://www.phpmyadmin.net/
--
-- Host: 127.0.0.1
-- Generation Time: Jan 16, 2019 at 10:58 PM
-- Server version: 10.1.34-MariaDB
-- PHP Version: 7.2.7

SET SQL_MODE = "NO_AUTO_VALUE_ON_ZERO";
SET AUTOCOMMIT = 0;
START TRANSACTION;
SET time_zone = "+00:00";


/*!40101 SET @OLD_CHARACTER_SET_CLIENT=@@CHARACTER_SET_CLIENT */;
/*!40101 SET @OLD_CHARACTER_SET_RESULTS=@@CHARACTER_SET_RESULTS */;
/*!40101 SET @OLD_COLLATION_CONNECTION=@@COLLATION_CONNECTION */;
/*!40101 SET NAMES utf8mb4 */;

--
-- Database: `streunerkatzen`
--

-- --------------------------------------------------------

--
-- Table structure for table `changeset`
--

CREATE TABLE `changeset` (
  `ID` int(11) NOT NULL,
  `ClassName` enum('SilverStripe\\Versioned\\ChangeSet') DEFAULT 'SilverStripe\\Versioned\\ChangeSet',
  `LastEdited` datetime DEFAULT NULL,
  `Created` datetime DEFAULT NULL,
  `Name` varchar(255) DEFAULT NULL,
  `State` enum('open','published','reverted') DEFAULT 'open',
  `IsInferred` tinyint(1) UNSIGNED NOT NULL DEFAULT '0',
  `Description` mediumtext,
  `PublishDate` datetime DEFAULT NULL,
  `LastSynced` datetime DEFAULT NULL,
  `OwnerID` int(11) NOT NULL DEFAULT '0',
  `PublisherID` int(11) NOT NULL DEFAULT '0'
) ENGINE=InnoDB DEFAULT CHARSET=utf8;

--
-- Dumping data for table `changeset`
--

INSERT INTO `changeset` (`ID`, `ClassName`, `LastEdited`, `Created`, `Name`, `State`, `IsInferred`, `Description`, `PublishDate`, `LastSynced`, `OwnerID`, `PublisherID`) VALUES
(1, 'SilverStripe\\Versioned\\ChangeSet', '2018-09-13 11:12:11', '2018-09-13 11:12:11', 'Generated by publish of \'Nicht bekannt\' at 13.09.2018, 11:12:11', 'published', 1, NULL, '2018-09-13 11:12:11', '2018-09-13 11:12:11', 0, 1),
(2, 'SilverStripe\\Versioned\\ChangeSet', '2018-09-13 11:13:22', '2018-09-13 11:13:21', 'Generated by publish of \'Morgens/Vormittags\' at 13.09.2018, 11:13:21', 'published', 1, NULL, '2018-09-13 11:13:22', '2018-09-13 11:13:22', 0, 1),
(3, 'SilverStripe\\Versioned\\ChangeSet', '2018-09-13 11:14:12', '2018-09-13 11:14:12', 'Generated by publish of \'Mittags/Nachmittags\' at 13.09.2018, 11:14:12', 'published', 1, NULL, '2018-09-13 11:14:12', '2018-09-13 11:14:12', 0, 1),
(4, 'SilverStripe\\Versioned\\ChangeSet', '2018-09-13 11:14:32', '2018-09-13 11:14:31', 'Generated by publish of \'mittags/nachmittags\' at 13.09.2018, 11:14:31', 'published', 1, NULL, '2018-09-13 11:14:32', '2018-09-13 11:14:31', 0, 1),
(5, 'SilverStripe\\Versioned\\ChangeSet', '2018-09-13 11:15:18', '2018-09-13 11:15:18', 'Generated by publish of \'abends/nachts\' at 13.09.2018, 11:15:18', 'published', 1, NULL, '2018-09-13 11:15:18', '2018-09-13 11:15:18', 0, 1),
(6, 'SilverStripe\\Versioned\\ChangeSet', '2018-09-13 11:17:27', '2018-09-13 11:17:27', 'Generated by publish of \'morgens/vormittags\' at 13.09.2018, 11:17:27', 'published', 1, NULL, '2018-09-13 11:17:27', '2018-09-13 11:17:27', 0, 1),
(7, 'SilverStripe\\Versioned\\ChangeSet', '2018-09-13 12:22:21', '2018-09-13 12:22:20', 'Generated by publish of \'#6\' at 13.09.2018, 12:22:20', 'published', 1, NULL, '2018-09-13 12:22:21', '2018-09-13 12:22:20', 0, 1),
(8, 'SilverStripe\\Versioned\\ChangeSet', '2018-09-13 12:43:40', '2018-09-13 12:43:40', 'Generated by publish of \'Vermisst\' at 13.09.2018, 12:43:40', 'published', 1, NULL, '2018-09-13 12:43:40', '2018-09-13 12:43:40', 0, 1),
(9, 'SilverStripe\\Versioned\\ChangeSet', '2018-09-13 12:44:00', '2018-09-13 12:44:00', 'Generated by publish of \'Vermisst\' at 13.09.2018, 12:44:00', 'published', 1, NULL, '2018-09-13 12:44:00', '2018-09-13 12:44:00', 0, 1),
(10, 'SilverStripe\\Versioned\\ChangeSet', '2018-09-13 12:44:30', '2018-09-13 12:44:30', 'Generated by publish of \'Gefunden\' at 13.09.2018, 12:44:30', 'published', 1, NULL, '2018-09-13 12:44:30', '2018-09-13 12:44:30', 0, 1),
(11, 'SilverStripe\\Versioned\\ChangeSet', '2018-09-13 12:45:11', '2018-09-13 12:45:11', 'Generated by publish of \'Tot gefunden\' at 13.09.2018, 12:45:11', 'published', 1, NULL, '2018-09-13 12:45:11', '2018-09-13 12:45:11', 0, 1),
(12, 'SilverStripe\\Versioned\\ChangeSet', '2018-09-13 12:50:37', '2018-09-13 12:50:37', 'Generated by publish of \'kurz\' at 13.09.2018, 12:50:37', 'published', 1, NULL, '2018-09-13 12:50:37', '2018-09-13 12:50:37', 0, 1),
(13, 'SilverStripe\\Versioned\\ChangeSet', '2018-09-13 12:51:30', '2018-09-13 12:51:29', 'Generated by publish of \'mittel\' at 13.09.2018, 12:51:29', 'published', 1, NULL, '2018-09-13 12:51:30', '2018-09-13 12:51:30', 0, 1),
(14, 'SilverStripe\\Versioned\\ChangeSet', '2018-09-13 12:52:06', '2018-09-13 12:52:06', 'Generated by publish of \'lang\' at 13.09.2018, 12:52:06', 'published', 1, NULL, '2018-09-13 12:52:06', '2018-09-13 12:52:06', 0, 1),
(15, 'SilverStripe\\Versioned\\ChangeSet', '2018-09-13 12:52:48', '2018-09-13 12:52:48', 'Generated by publish of \'sonstiges\' at 13.09.2018, 12:52:48', 'published', 1, NULL, '2018-09-13 12:52:48', '2018-09-13 12:52:48', 0, 1),
(16, 'SilverStripe\\Versioned\\ChangeSet', '2018-10-15 22:14:54', '2018-10-15 22:14:54', 'Generated by publish of \'Testkatze\' at 15.10.2018, 22:14:54', 'published', 1, NULL, '2018-10-15 22:14:54', '2018-10-15 22:14:54', 0, 1),
(17, 'SilverStripe\\Versioned\\ChangeSet', '2018-10-15 22:25:40', '2018-10-15 22:25:39', 'Generated by publish of \'Testkatze\' at 15.10.2018, 22:25:39', 'published', 1, NULL, '2018-10-15 22:25:40', '2018-10-15 22:25:40', 0, 1),
(18, 'SilverStripe\\Versioned\\ChangeSet', '2018-12-08 20:43:15', '2018-12-08 20:43:14', 'Generated by publish of \'nicht bekannt\' at 08.12.2018, 20:43:14', 'published', 1, NULL, '2018-12-08 20:43:15', '2018-12-08 20:43:15', 0, 1),
(19, 'SilverStripe\\Versioned\\ChangeSet', '2018-12-08 21:01:25', '2018-12-08 21:01:25', 'Generated by publish of \'rot-weiß\' at 08.12.2018, 21:01:25', 'published', 1, NULL, '2018-12-08 21:01:25', '2018-12-08 21:01:25', 0, 1),
(20, 'SilverStripe\\Versioned\\ChangeSet', '2018-12-09 10:52:05', '2018-12-09 10:52:05', 'Generated by publish of \'Alice\' at 09.12.2018, 10:52:05', 'published', 1, NULL, '2018-12-09 10:52:05', '2018-12-09 10:52:05', 0, 1),
(21, 'SilverStripe\\Versioned\\ChangeSet', '2019-01-14 21:24:32', '2019-01-14 21:24:32', 'Generated by publish of \'\' at 14.01.2019, 21:24:32', 'published', 1, NULL, '2019-01-14 21:24:32', '2019-01-14 21:24:32', 0, 1),
(22, 'SilverStripe\\Versioned\\ChangeSet', '2019-01-14 21:24:49', '2019-01-14 21:24:47', 'Generated by publish of \'Benutzer\' at 14.01.2019, 21:24:47', 'published', 1, NULL, '2019-01-14 21:24:49', '2019-01-14 21:24:48', 0, 1),
(23, 'SilverStripe\\Versioned\\ChangeSet', '2019-01-14 22:55:33', '2019-01-14 22:55:32', 'Generated by publish of \'Profil\' at 14.01.2019, 22:55:32', 'published', 1, NULL, '2019-01-14 22:55:33', '2019-01-14 22:55:32', 0, 1),
(24, 'SilverStripe\\Versioned\\ChangeSet', '2019-01-16 20:09:58', '2019-01-16 20:09:57', 'Generated by publish of \'Profil\' at 16.01.2019, 20:09:57', 'published', 1, NULL, '2019-01-16 20:09:58', '2019-01-16 20:09:57', 0, 1);

-- --------------------------------------------------------

--
-- Table structure for table `changesetitem`
--

CREATE TABLE `changesetitem` (
  `ID` int(11) NOT NULL,
  `ClassName` enum('SilverStripe\\Versioned\\ChangeSetItem') DEFAULT 'SilverStripe\\Versioned\\ChangeSetItem',
  `LastEdited` datetime DEFAULT NULL,
  `Created` datetime DEFAULT NULL,
  `VersionBefore` int(11) NOT NULL DEFAULT '0',
  `VersionAfter` int(11) NOT NULL DEFAULT '0',
  `Added` enum('explicitly','implicitly') DEFAULT 'implicitly',
  `ChangeSetID` int(11) NOT NULL DEFAULT '0',
  `ObjectID` int(11) NOT NULL DEFAULT '0',
  `ObjectClass` enum('Streunerkatzen\\Cat','Streunerkatzen\\HairColor','Streunerkatzen\\HairLength','Streunerkatzen\\LostFoundStatus','Streunerkatzen\\LostFoundTime','SilverStripe\\Assets\\File','SilverStripe\\SiteConfig\\SiteConfig','SilverStripe\\Versioned\\ChangeSet','SilverStripe\\Versioned\\ChangeSetItem','SilverStripe\\Assets\\Shortcodes\\FileLink','SilverStripe\\CMS\\Model\\SiteTree','SilverStripe\\CMS\\Model\\SiteTreeLink','SilverStripe\\Security\\Group','SilverStripe\\Security\\LoginAttempt','SilverStripe\\Security\\Member','SilverStripe\\Security\\MemberPassword','SilverStripe\\Security\\Permission','SilverStripe\\Security\\PermissionRole','SilverStripe\\Security\\PermissionRoleCode','SilverStripe\\Security\\RememberLoginHash','Symbiote\\MemberProfiles\\Model\\MemberProfileField','Symbiote\\MemberProfiles\\Model\\MemberProfileSection','SilverStripe\\Assets\\Folder','SilverStripe\\Assets\\Image','Page','SilverStripe\\ErrorPage\\ErrorPage','SilverStripe\\CMS\\Model\\RedirectorPage','SilverStripe\\CMS\\Model\\VirtualPage','Symbiote\\MemberProfiles\\Pages\\MemberProfilePage','Symbiote\\MemberProfiles\\Model\\MemberProfileFieldsSection') DEFAULT 'Streunerkatzen\\Cat'
) ENGINE=InnoDB DEFAULT CHARSET=utf8;

--
-- Dumping data for table `changesetitem`
--

INSERT INTO `changesetitem` (`ID`, `ClassName`, `LastEdited`, `Created`, `VersionBefore`, `VersionAfter`, `Added`, `ChangeSetID`, `ObjectID`, `ObjectClass`) VALUES
(1, 'SilverStripe\\Versioned\\ChangeSetItem', '2018-09-13 11:12:11', '2018-09-13 11:12:11', 0, 0, 'explicitly', 1, 1, 'Streunerkatzen\\LostFoundTime'),
(2, 'SilverStripe\\Versioned\\ChangeSetItem', '2018-09-13 11:13:21', '2018-09-13 11:13:21', 0, 0, 'explicitly', 2, 2, 'Streunerkatzen\\LostFoundTime'),
(3, 'SilverStripe\\Versioned\\ChangeSetItem', '2018-09-13 11:14:12', '2018-09-13 11:14:12', 0, 0, 'explicitly', 3, 3, 'Streunerkatzen\\LostFoundTime'),
(4, 'SilverStripe\\Versioned\\ChangeSetItem', '2018-09-13 11:14:31', '2018-09-13 11:14:31', 0, 0, 'explicitly', 4, 4, 'Streunerkatzen\\LostFoundTime'),
(5, 'SilverStripe\\Versioned\\ChangeSetItem', '2018-09-13 11:15:18', '2018-09-13 11:15:18', 0, 0, 'explicitly', 5, 5, 'Streunerkatzen\\LostFoundTime'),
(6, 'SilverStripe\\Versioned\\ChangeSetItem', '2018-09-13 11:17:27', '2018-09-13 11:17:27', 0, 0, 'explicitly', 6, 3, 'Streunerkatzen\\LostFoundTime'),
(7, 'SilverStripe\\Versioned\\ChangeSetItem', '2018-09-13 12:22:20', '2018-09-13 12:22:20', 0, 0, 'explicitly', 7, 6, 'Streunerkatzen\\LostFoundTime'),
(8, 'SilverStripe\\Versioned\\ChangeSetItem', '2018-09-13 12:43:40', '2018-09-13 12:43:40', 0, 0, 'explicitly', 8, 1, 'Streunerkatzen\\LostFoundStatus'),
(9, 'SilverStripe\\Versioned\\ChangeSetItem', '2018-09-13 12:44:00', '2018-09-13 12:44:00', 0, 0, 'explicitly', 9, 1, 'Streunerkatzen\\LostFoundStatus'),
(10, 'SilverStripe\\Versioned\\ChangeSetItem', '2018-09-13 12:44:30', '2018-09-13 12:44:30', 0, 0, 'explicitly', 10, 2, 'Streunerkatzen\\LostFoundStatus'),
(11, 'SilverStripe\\Versioned\\ChangeSetItem', '2018-09-13 12:45:11', '2018-09-13 12:45:11', 0, 0, 'explicitly', 11, 3, 'Streunerkatzen\\LostFoundStatus'),
(12, 'SilverStripe\\Versioned\\ChangeSetItem', '2018-09-13 12:50:37', '2018-09-13 12:50:37', 0, 0, 'explicitly', 12, 1, 'Streunerkatzen\\HairLength'),
(13, 'SilverStripe\\Versioned\\ChangeSetItem', '2018-09-13 12:51:30', '2018-09-13 12:51:30', 0, 0, 'explicitly', 13, 2, 'Streunerkatzen\\HairLength'),
(14, 'SilverStripe\\Versioned\\ChangeSetItem', '2018-09-13 12:52:06', '2018-09-13 12:52:06', 0, 0, 'explicitly', 14, 3, 'Streunerkatzen\\HairLength'),
(15, 'SilverStripe\\Versioned\\ChangeSetItem', '2018-09-13 12:52:48', '2018-09-13 12:52:48', 0, 0, 'explicitly', 15, 4, 'Streunerkatzen\\HairLength'),
(16, 'SilverStripe\\Versioned\\ChangeSetItem', '2018-10-15 22:14:54', '2018-10-15 22:14:54', 0, 0, 'explicitly', 16, 1, 'Streunerkatzen\\Cat'),
(17, 'SilverStripe\\Versioned\\ChangeSetItem', '2018-10-15 22:25:39', '2018-10-15 22:25:39', 0, 0, 'explicitly', 17, 1, 'Streunerkatzen\\Cat'),
(18, 'SilverStripe\\Versioned\\ChangeSetItem', '2018-12-08 20:43:15', '2018-12-08 20:43:14', 0, 0, 'explicitly', 18, 1, 'Streunerkatzen\\LostFoundTime'),
(19, 'SilverStripe\\Versioned\\ChangeSetItem', '2018-12-08 21:01:25', '2018-12-08 21:01:25', 0, 0, 'explicitly', 19, 30, 'Streunerkatzen\\HairColor'),
(20, 'SilverStripe\\Versioned\\ChangeSetItem', '2018-12-09 10:52:05', '2018-12-09 10:52:05', 0, 0, 'explicitly', 20, 2, 'Streunerkatzen\\Cat'),
(21, 'SilverStripe\\Versioned\\ChangeSetItem', '2019-01-14 21:24:32', '2019-01-14 21:24:32', 0, 3, 'explicitly', 21, 4, 'Symbiote\\MemberProfiles\\Model\\MemberProfileField'),
(22, 'SilverStripe\\Versioned\\ChangeSetItem', '2019-01-14 21:24:48', '2019-01-14 21:24:47', 0, 3, 'explicitly', 22, 6, 'SilverStripe\\CMS\\Model\\SiteTree'),
(23, 'SilverStripe\\Versioned\\ChangeSetItem', '2019-01-14 21:24:48', '2019-01-14 21:24:48', 0, 2, 'implicitly', 22, 1, 'Symbiote\\MemberProfiles\\Model\\MemberProfileField'),
(24, 'SilverStripe\\Versioned\\ChangeSetItem', '2019-01-14 21:24:49', '2019-01-14 21:24:48', 0, 2, 'implicitly', 22, 2, 'Symbiote\\MemberProfiles\\Model\\MemberProfileField'),
(25, 'SilverStripe\\Versioned\\ChangeSetItem', '2019-01-14 21:24:49', '2019-01-14 21:24:48', 0, 2, 'implicitly', 22, 3, 'Symbiote\\MemberProfiles\\Model\\MemberProfileField'),
(26, 'SilverStripe\\Versioned\\ChangeSetItem', '2019-01-14 21:24:49', '2019-01-14 21:24:48', 3, 3, 'implicitly', 22, 4, 'Symbiote\\MemberProfiles\\Model\\MemberProfileField'),
(27, 'SilverStripe\\Versioned\\ChangeSetItem', '2019-01-14 21:24:49', '2019-01-14 21:24:48', 0, 2, 'implicitly', 22, 5, 'Symbiote\\MemberProfiles\\Model\\MemberProfileField'),
(28, 'SilverStripe\\Versioned\\ChangeSetItem', '2019-01-14 21:24:49', '2019-01-14 21:24:48', 0, 2, 'implicitly', 22, 6, 'Symbiote\\MemberProfiles\\Model\\MemberProfileField'),
(29, 'SilverStripe\\Versioned\\ChangeSetItem', '2019-01-14 21:24:49', '2019-01-14 21:24:48', 0, 2, 'implicitly', 22, 1, 'Symbiote\\MemberProfiles\\Model\\MemberProfileSection'),
(30, 'SilverStripe\\Versioned\\ChangeSetItem', '2019-01-14 22:55:33', '2019-01-14 22:55:32', 3, 5, 'explicitly', 23, 6, 'SilverStripe\\CMS\\Model\\SiteTree'),
(31, 'SilverStripe\\Versioned\\ChangeSetItem', '2019-01-14 22:55:33', '2019-01-14 22:55:32', 2, 2, 'implicitly', 23, 1, 'Symbiote\\MemberProfiles\\Model\\MemberProfileField'),
(32, 'SilverStripe\\Versioned\\ChangeSetItem', '2019-01-14 22:55:33', '2019-01-14 22:55:32', 2, 2, 'implicitly', 23, 2, 'Symbiote\\MemberProfiles\\Model\\MemberProfileField'),
(33, 'SilverStripe\\Versioned\\ChangeSetItem', '2019-01-14 22:55:33', '2019-01-14 22:55:32', 2, 2, 'implicitly', 23, 3, 'Symbiote\\MemberProfiles\\Model\\MemberProfileField'),
(34, 'SilverStripe\\Versioned\\ChangeSetItem', '2019-01-14 22:55:33', '2019-01-14 22:55:32', 3, 3, 'implicitly', 23, 4, 'Symbiote\\MemberProfiles\\Model\\MemberProfileField'),
(35, 'SilverStripe\\Versioned\\ChangeSetItem', '2019-01-14 22:55:33', '2019-01-14 22:55:32', 2, 2, 'implicitly', 23, 5, 'Symbiote\\MemberProfiles\\Model\\MemberProfileField'),
(36, 'SilverStripe\\Versioned\\ChangeSetItem', '2019-01-14 22:55:33', '2019-01-14 22:55:32', 2, 2, 'implicitly', 23, 6, 'Symbiote\\MemberProfiles\\Model\\MemberProfileField'),
(37, 'SilverStripe\\Versioned\\ChangeSetItem', '2019-01-14 22:55:33', '2019-01-14 22:55:32', 2, 2, 'implicitly', 23, 1, 'Symbiote\\MemberProfiles\\Model\\MemberProfileSection'),
(38, 'SilverStripe\\Versioned\\ChangeSetItem', '2019-01-16 20:09:58', '2019-01-16 20:09:57', 5, 8, 'explicitly', 24, 6, 'SilverStripe\\CMS\\Model\\SiteTree'),
(39, 'SilverStripe\\Versioned\\ChangeSetItem', '2019-01-16 20:09:58', '2019-01-16 20:09:57', 2, 2, 'implicitly', 24, 1, 'Symbiote\\MemberProfiles\\Model\\MemberProfileField'),
(40, 'SilverStripe\\Versioned\\ChangeSetItem', '2019-01-16 20:09:58', '2019-01-16 20:09:57', 2, 2, 'implicitly', 24, 2, 'Symbiote\\MemberProfiles\\Model\\MemberProfileField'),
(41, 'SilverStripe\\Versioned\\ChangeSetItem', '2019-01-16 20:09:58', '2019-01-16 20:09:57', 2, 2, 'implicitly', 24, 3, 'Symbiote\\MemberProfiles\\Model\\MemberProfileField'),
(42, 'SilverStripe\\Versioned\\ChangeSetItem', '2019-01-16 20:09:58', '2019-01-16 20:09:57', 3, 3, 'implicitly', 24, 4, 'Symbiote\\MemberProfiles\\Model\\MemberProfileField'),
(43, 'SilverStripe\\Versioned\\ChangeSetItem', '2019-01-16 20:09:58', '2019-01-16 20:09:57', 2, 2, 'implicitly', 24, 5, 'Symbiote\\MemberProfiles\\Model\\MemberProfileField'),
(44, 'SilverStripe\\Versioned\\ChangeSetItem', '2019-01-16 20:09:58', '2019-01-16 20:09:57', 2, 2, 'implicitly', 24, 6, 'Symbiote\\MemberProfiles\\Model\\MemberProfileField'),
(45, 'SilverStripe\\Versioned\\ChangeSetItem', '2019-01-16 20:09:58', '2019-01-16 20:09:57', 2, 2, 'implicitly', 24, 1, 'Symbiote\\MemberProfiles\\Model\\MemberProfileSection');

-- --------------------------------------------------------

--
-- Table structure for table `changesetitem_referencedby`
--

CREATE TABLE `changesetitem_referencedby` (
  `ID` int(11) NOT NULL,
  `ChangeSetItemID` int(11) NOT NULL DEFAULT '0',
  `ChildID` int(11) NOT NULL DEFAULT '0'
) ENGINE=InnoDB DEFAULT CHARSET=utf8;

--
-- Dumping data for table `changesetitem_referencedby`
--

INSERT INTO `changesetitem_referencedby` (`ID`, `ChangeSetItemID`, `ChildID`) VALUES
(1, 23, 22),
(2, 24, 22),
(3, 25, 22),
(4, 26, 22),
(5, 27, 22),
(6, 28, 22),
(7, 29, 22),
(8, 31, 30),
(9, 32, 30),
(10, 33, 30),
(11, 34, 30),
(12, 35, 30),
(13, 36, 30),
(14, 37, 30),
(15, 39, 38),
(16, 40, 38),
(17, 41, 38),
(18, 42, 38),
(19, 43, 38),
(20, 44, 38),
(21, 45, 38);

-- --------------------------------------------------------

--
-- Table structure for table `data_cats`
--

CREATE TABLE `data_cats` (
  `ID` int(11) NOT NULL,
  `ClassName` enum('Streunerkatzen\\Cat') DEFAULT 'Streunerkatzen\\Cat',
  `LastEdited` datetime DEFAULT NULL,
  `Created` datetime DEFAULT NULL,
  `Title` varchar(250) DEFAULT NULL,
  `PublishTime` datetime DEFAULT NULL,
  `Age` varchar(250) DEFAULT NULL,
  `Gender` enum('nicht bekannt','männlich','weiblich') DEFAULT 'nicht bekannt',
  `HasPetCollar` tinyint(1) UNSIGNED NOT NULL DEFAULT '0',
  `PetCollarDescription` varchar(250) DEFAULT NULL,
  `Characteristics` varchar(500) DEFAULT NULL,
  `ColorCharacteristics` varchar(500) DEFAULT NULL,
  `EyeColor` varchar(50) DEFAULT NULL,
  `ChipNumber` varchar(100) DEFAULT NULL,
  `Tattoo` varchar(250) DEFAULT NULL,
  `Breed` varchar(250) DEFAULT NULL,
  `IsCastrated` enum('nicht bekannt','ja','nein') DEFAULT 'nicht bekannt',
  `IsHouseCat` enum('nicht bekannt','ja','nein') DEFAULT 'nicht bekannt',
  `IsChipped` enum('nicht bekannt','ja','nein') DEFAULT 'nicht bekannt',
  `BehaviourOwner` varchar(500) DEFAULT NULL,
  `BehaviourStranger` varchar(500) DEFAULT NULL,
  `LostFoundDate` date DEFAULT NULL,
  `Street` varchar(250) DEFAULT NULL,
  `Town` varchar(250) DEFAULT NULL,
  `Zipcode` int(11) NOT NULL DEFAULT '0',
  `Country` varchar(250) DEFAULT NULL,
  `LostFoundDescription` varchar(1000) DEFAULT NULL,
  `MoreInfo` varchar(1000) DEFAULT NULL,
  `LostFoundTimeID` int(11) NOT NULL DEFAULT '0',
  `LostFoundStatusID` int(11) NOT NULL DEFAULT '0',
  `HairLengthID` int(11) NOT NULL DEFAULT '0',
  `HairColorID` int(11) NOT NULL DEFAULT '0',
  `ReporterID` int(11) NOT NULL DEFAULT '0',
  `OwnerID` int(11) NOT NULL DEFAULT '0'
) ENGINE=InnoDB DEFAULT CHARSET=utf8;

--
-- Dumping data for table `data_cats`
--

INSERT INTO `data_cats` (`ID`, `ClassName`, `LastEdited`, `Created`, `Title`, `PublishTime`, `Age`, `Gender`, `HasPetCollar`, `PetCollarDescription`, `Characteristics`, `ColorCharacteristics`, `EyeColor`, `ChipNumber`, `Tattoo`, `Breed`, `IsCastrated`, `IsHouseCat`, `IsChipped`, `BehaviourOwner`, `BehaviourStranger`, `LostFoundDate`, `Street`, `Town`, `Zipcode`, `Country`, `LostFoundDescription`, `MoreInfo`, `LostFoundTimeID`, `LostFoundStatusID`, `HairLengthID`, `HairColorID`, `ReporterID`, `OwnerID`) VALUES
(1, 'Streunerkatzen\\Cat', '2019-01-16 19:48:37', '2019-01-16 19:48:37', 'Dundo', NULL, NULL, 'männlich', 1, NULL, NULL, NULL, 'gelb', NULL, NULL, 'Hauskatze', 'nein', 'nicht bekannt', 'nein', 'Zutraulich', 'Vorsichtig', '2018-03-18', 'Leitzersbrunnerfeld', NULL, 0, 'Niederösterreich', NULL, NULL, 5, 1, 1, 22, 0, 2),
(2, 'Streunerkatzen\\Cat', '2019-01-16 19:48:37', '2019-01-16 19:48:37', 'Alice', NULL, NULL, 'weiblich', 1, NULL, NULL, NULL, 'braun', NULL, NULL, 'Hauskatze', 'ja', 'nicht bekannt', 'nein', 'Sehr anhänglich und verschmust', 'Anfangs ängstlich. Sobald sie Vertrauen zu Menschen hat ist sie auch sehr verschmust', '2017-05-16', NULL, NULL, 0, 'Oberösterreich', NULL, NULL, 5, 1, 1, 19, 0, 3),
(3, 'Streunerkatzen\\Cat', '2019-01-16 19:48:37', '2019-01-16 19:48:37', 'Cosmo', NULL, NULL, 'männlich', 1, NULL, NULL, NULL, 'gelb', NULL, NULL, 'Tiegerkater', 'ja', 'nicht bekannt', 'nein', 'Freundlich, verschmust, schmeichelt und kuschelt gerne kommt wenn er gerufen wird.', 'Eher zurückhaltend', '2017-08-18', 'Melnitzkygasse', NULL, 0, 'Wien', NULL, NULL, 1, 1, 1, 17, 0, 4),
(4, 'Streunerkatzen\\Cat', '2019-01-16 19:48:37', '2019-01-16 19:48:37', 'Timmi', NULL, NULL, 'männlich', 0, NULL, NULL, NULL, 'grün', NULL, NULL, 'Hauskatze', 'ja', 'nicht bekannt', 'nein', 'Timmi ist sehr anhänglich und verschmust. Er ist nicht gerne allein und sehr menschenbezogen.', 'Lässt sich leider auch von fremden menschen streicheln. Und läuft auch zu ihnen hin.', '2010-10-19', 'Heidegasse 40', NULL, 0, 'Burgenland', NULL, NULL, 4, 1, 1, 30, 0, 5),
(5, 'Streunerkatzen\\Cat', '2019-01-16 19:48:37', '2019-01-16 19:48:37', 'Tiger', NULL, NULL, 'männlich', 0, NULL, NULL, NULL, 'grün', NULL, NULL, 'Europäisch Kurzhaar', 'ja', 'nicht bekannt', 'nein', NULL, NULL, '2010-10-19', 'Gasselberg 90', NULL, 0, 'Steiermark', NULL, NULL, 4, 1, 1, 17, 0, 6),
(6, 'Streunerkatzen\\Cat', '2019-01-16 19:48:37', '2019-01-16 19:48:37', 'unbekannt', NULL, NULL, 'weiblich', 0, NULL, NULL, NULL, NULL, NULL, NULL, NULL, 'nicht bekannt', 'nicht bekannt', 'nein', NULL, NULL, '2016-01-27', NULL, NULL, 0, 'Salzburg', NULL, NULL, 1, 2, 4, 17, 7, 0),
(7, 'Streunerkatzen\\Cat', '2019-01-16 19:48:37', '2019-01-16 19:48:37', 'Momo', NULL, NULL, 'männlich', 0, NULL, NULL, NULL, 'grün', NULL, NULL, 'Orientalisch Langhaar', 'ja', 'nicht bekannt', 'nein', 'spricht gerne und laut, läuft munter immer mit, schnurrt leise, ist nicht der größte Schmuser', 'laut Aussage der Nachbarin recht zutraulich, lässt sich aber nicht hochnehmen', '2010-12-16', NULL, NULL, 0, 'Oberösterreich', NULL, NULL, 3, 1, 3, 16, 0, 8),
(8, 'Streunerkatzen\\Cat', '2019-01-16 19:48:37', '2019-01-16 19:48:37', 'Simba', NULL, NULL, 'männlich', 1, NULL, NULL, NULL, 'braun', NULL, NULL, 'Halb Main coon', 'ja', 'nicht bekannt', 'ja', 'Verschmust und liebevoll, kratzt und beißt manchmal<br />\r\nSehr selbstbewusst', 'Zutraulich', '2016-12-26', 'Parkweg', NULL, 0, 'Salzburg', NULL, NULL, 5, 1, 1, 30, 0, 9),
(9, 'Streunerkatzen\\Cat', '2019-01-16 19:48:37', '2019-01-16 19:48:37', 'unbekannt', NULL, NULL, 'weiblich', 0, NULL, NULL, NULL, NULL, NULL, NULL, NULL, 'nicht bekannt', 'nicht bekannt', 'nein', NULL, NULL, '2016-01-27', NULL, NULL, 0, 'Salzburg', NULL, NULL, 1, 2, 3, 23, 10, 0),
(10, 'Streunerkatzen\\Cat', '2019-01-16 19:48:38', '2019-01-16 19:48:38', 'Betty', NULL, NULL, 'weiblich', 0, NULL, NULL, NULL, 'grün', NULL, NULL, NULL, 'ja', 'nicht bekannt', 'nein', 'sehr anhänglich, verschmust, spricht gerne', 'sehr zutraulich, läßt sich von jedem hinauf nehmen und tragen.', '2010-11-09', 'Blahasee 17', NULL, 0, 'Niederösterreich', NULL, NULL, 4, 1, 1, 30, 0, 11);

-- --------------------------------------------------------

--
-- Table structure for table `data_cats_attachments`
--

CREATE TABLE `data_cats_attachments` (
  `ID` int(11) NOT NULL,
  `data_CatsID` int(11) NOT NULL DEFAULT '0',
  `FileID` int(11) NOT NULL DEFAULT '0'
) ENGINE=InnoDB DEFAULT CHARSET=utf8;

-- --------------------------------------------------------

--
-- Table structure for table `data_users`
--

CREATE TABLE `data_users` (
  `ID` int(11) NOT NULL,
  `ClassName` enum('Streunerkatzen\\User') DEFAULT 'Streunerkatzen\\User',
  `LastEdited` datetime DEFAULT NULL,
  `Created` datetime DEFAULT NULL,
  `FirstName` varchar(250) DEFAULT NULL,
  `LastName` varchar(250) DEFAULT NULL,
  `Street` varchar(250) DEFAULT NULL,
  `HouseNumber` varchar(25) DEFAULT NULL,
  `Town` varchar(250) DEFAULT NULL,
  `Zipcode` int(11) NOT NULL DEFAULT '0',
  `Country` varchar(250) DEFAULT NULL,
  `PhoneNumber` varchar(250) DEFAULT NULL
) ENGINE=InnoDB DEFAULT CHARSET=utf8;

-- --------------------------------------------------------

--
-- Table structure for table `errorpage`
--

CREATE TABLE `errorpage` (
  `ID` int(11) NOT NULL,
  `ErrorCode` int(11) NOT NULL DEFAULT '0'
) ENGINE=InnoDB DEFAULT CHARSET=utf8;

--
-- Dumping data for table `errorpage`
--

INSERT INTO `errorpage` (`ID`, `ErrorCode`) VALUES
(4, 404),
(5, 500);

-- --------------------------------------------------------

--
-- Table structure for table `errorpage_live`
--

CREATE TABLE `errorpage_live` (
  `ID` int(11) NOT NULL,
  `ErrorCode` int(11) NOT NULL DEFAULT '0'
) ENGINE=InnoDB DEFAULT CHARSET=utf8;

--
-- Dumping data for table `errorpage_live`
--

INSERT INTO `errorpage_live` (`ID`, `ErrorCode`) VALUES
(4, 404),
(5, 500);

-- --------------------------------------------------------

--
-- Table structure for table `errorpage_versions`
--

CREATE TABLE `errorpage_versions` (
  `ID` int(11) NOT NULL,
  `RecordID` int(11) NOT NULL DEFAULT '0',
  `Version` int(11) NOT NULL DEFAULT '0',
  `ErrorCode` int(11) NOT NULL DEFAULT '0'
) ENGINE=InnoDB DEFAULT CHARSET=utf8;

--
-- Dumping data for table `errorpage_versions`
--

INSERT INTO `errorpage_versions` (`ID`, `RecordID`, `Version`, `ErrorCode`) VALUES
(1, 4, 1, 404),
(2, 4, 2, 404),
(3, 5, 1, 500),
(4, 5, 2, 500);

-- --------------------------------------------------------

--
-- Table structure for table `fields_haircolor`
--

CREATE TABLE `fields_haircolor` (
  `ID` int(11) NOT NULL,
  `ClassName` enum('Streunerkatzen\\HairColor') DEFAULT 'Streunerkatzen\\HairColor',
  `LastEdited` datetime DEFAULT NULL,
  `Created` datetime DEFAULT NULL,
  `HairColor` varchar(50) DEFAULT NULL,
  `Name` varchar(50) DEFAULT NULL
) ENGINE=InnoDB DEFAULT CHARSET=utf8;

--
-- Dumping data for table `fields_haircolor`
--

INSERT INTO `fields_haircolor` (`ID`, `ClassName`, `LastEdited`, `Created`, `HairColor`, `Name`) VALUES
(15, 'Streunerkatzen\\HairColor', '2018-09-13 13:00:22', '2018-09-13 13:00:22', NULL, 'schwarz'),
(16, 'Streunerkatzen\\HairColor', '2018-09-13 13:00:22', '2018-09-13 13:00:22', NULL, 'rot/beige'),
(17, 'Streunerkatzen\\HairColor', '2018-09-13 13:00:22', '2018-09-13 13:00:22', NULL, 'braun/grau'),
(18, 'Streunerkatzen\\HairColor', '2018-09-13 13:00:22', '2018-09-13 13:00:22', NULL, 'weiß'),
(19, 'Streunerkatzen\\HairColor', '2018-09-13 13:00:22', '2018-09-13 13:00:22', NULL, 'dreifärbig'),
(20, 'Streunerkatzen\\HairColor', '2018-09-13 13:00:22', '2018-09-13 13:00:22', NULL, 'schwarz mit weiß'),
(21, 'Streunerkatzen\\HairColor', '2018-09-13 13:00:22', '2018-09-13 13:00:22', NULL, 'rot/beige mit weiß'),
(22, 'Streunerkatzen\\HairColor', '2018-09-13 13:00:22', '2018-09-13 13:00:22', NULL, 'braun/grau mit weiß'),
(23, 'Streunerkatzen\\HairColor', '2018-09-13 13:00:22', '2018-09-13 13:00:22', NULL, 'weiß mit Farbe'),
(24, 'Streunerkatzen\\HairColor', '2018-09-13 13:00:22', '2018-09-13 13:00:22', NULL, 'schildpatt'),
(25, 'Streunerkatzen\\HairColor', '2018-09-13 13:00:22', '2018-09-13 13:00:22', NULL, 'schwarz-weiß'),
(26, 'Streunerkatzen\\HairColor', '2018-09-13 13:00:22', '2018-09-13 13:00:22', NULL, 'rot/beige-weiß'),
(27, 'Streunerkatzen\\HairColor', '2018-09-13 13:00:22', '2018-09-13 13:00:22', NULL, 'braun/grau-weiß'),
(28, 'Streunerkatzen\\HairColor', '2018-09-13 13:00:22', '2018-09-13 13:00:22', NULL, 'mit Maske'),
(29, 'Streunerkatzen\\HairColor', '2018-09-13 13:00:22', '2018-09-13 13:00:22', NULL, 'Sonderfarbe'),
(30, 'Streunerkatzen\\HairColor', '2018-12-08 21:01:25', '2018-12-08 21:01:25', NULL, 'rot-weiß');

-- --------------------------------------------------------

--
-- Table structure for table `fields_hairlength`
--

CREATE TABLE `fields_hairlength` (
  `ID` int(11) NOT NULL,
  `ClassName` enum('Streunerkatzen\\HairLength') DEFAULT 'Streunerkatzen\\HairLength',
  `LastEdited` datetime DEFAULT NULL,
  `Created` datetime DEFAULT NULL,
  `HairLength` varchar(50) DEFAULT NULL,
  `Name` varchar(50) DEFAULT NULL
) ENGINE=InnoDB DEFAULT CHARSET=utf8;

--
-- Dumping data for table `fields_hairlength`
--

INSERT INTO `fields_hairlength` (`ID`, `ClassName`, `LastEdited`, `Created`, `HairLength`, `Name`) VALUES
(1, 'Streunerkatzen\\HairLength', '2018-09-13 12:50:37', '2018-09-13 12:50:37', NULL, 'kurz'),
(2, 'Streunerkatzen\\HairLength', '2018-09-13 12:51:29', '2018-09-13 12:51:29', NULL, 'mittel'),
(3, 'Streunerkatzen\\HairLength', '2018-09-13 12:52:06', '2018-09-13 12:52:06', NULL, 'lang'),
(4, 'Streunerkatzen\\HairLength', '2018-09-13 12:52:48', '2018-09-13 12:52:48', NULL, 'sonstiges');

-- --------------------------------------------------------

--
-- Table structure for table `fields_lostfoundstatus`
--

CREATE TABLE `fields_lostfoundstatus` (
  `ID` int(11) NOT NULL,
  `ClassName` enum('Streunerkatzen\\LostFoundStatus') DEFAULT 'Streunerkatzen\\LostFoundStatus',
  `LastEdited` datetime DEFAULT NULL,
  `Created` datetime DEFAULT NULL,
  `Status` varchar(50) DEFAULT NULL,
  `Name` varchar(50) DEFAULT NULL
) ENGINE=InnoDB DEFAULT CHARSET=utf8;

--
-- Dumping data for table `fields_lostfoundstatus`
--

INSERT INTO `fields_lostfoundstatus` (`ID`, `ClassName`, `LastEdited`, `Created`, `Status`, `Name`) VALUES
(1, 'Streunerkatzen\\LostFoundStatus', '2018-09-13 12:43:40', '2018-09-13 12:43:40', NULL, 'Vermisst'),
(2, 'Streunerkatzen\\LostFoundStatus', '2018-09-13 12:44:30', '2018-09-13 12:44:30', NULL, 'Gefunden'),
(3, 'Streunerkatzen\\LostFoundStatus', '2018-09-13 12:45:11', '2018-09-13 12:45:11', NULL, 'Tot gefunden');

-- --------------------------------------------------------

--
-- Table structure for table `fields_lostfoundtime`
--

CREATE TABLE `fields_lostfoundtime` (
  `ID` int(11) NOT NULL,
  `ClassName` enum('Streunerkatzen\\LostFoundTime') DEFAULT 'Streunerkatzen\\LostFoundTime',
  `LastEdited` datetime DEFAULT NULL,
  `Created` datetime DEFAULT NULL,
  `Name` varchar(50) DEFAULT NULL,
  `Time` varchar(50) DEFAULT NULL
) ENGINE=InnoDB DEFAULT CHARSET=utf8;

--
-- Dumping data for table `fields_lostfoundtime`
--

INSERT INTO `fields_lostfoundtime` (`ID`, `ClassName`, `LastEdited`, `Created`, `Name`, `Time`) VALUES
(1, 'Streunerkatzen\\LostFoundTime', '2018-12-08 20:43:14', '2018-09-13 11:12:11', 'nicht bekannt', NULL),
(3, 'Streunerkatzen\\LostFoundTime', '2018-09-13 11:17:27', '2018-09-13 11:14:11', 'morgens/vormittags', NULL),
(4, 'Streunerkatzen\\LostFoundTime', '2018-09-13 11:14:31', '2018-09-13 11:14:31', 'mittags/nachmittags', NULL),
(5, 'Streunerkatzen\\LostFoundTime', '2018-09-13 11:15:18', '2018-09-13 11:15:18', 'abends/nachts', NULL);

-- --------------------------------------------------------

--
-- Table structure for table `file`
--

CREATE TABLE `file` (
  `ID` int(11) NOT NULL,
  `ClassName` enum('SilverStripe\\Assets\\File','SilverStripe\\Assets\\Folder','SilverStripe\\Assets\\Image') DEFAULT 'SilverStripe\\Assets\\File',
  `LastEdited` datetime DEFAULT NULL,
  `Created` datetime DEFAULT NULL,
  `Version` int(11) NOT NULL DEFAULT '0',
  `CanViewType` enum('Anyone','LoggedInUsers','OnlyTheseUsers','Inherit') DEFAULT 'Inherit',
  `CanEditType` enum('LoggedInUsers','OnlyTheseUsers','Inherit') DEFAULT 'Inherit',
  `Name` varchar(255) DEFAULT NULL,
  `Title` varchar(255) DEFAULT NULL,
  `ShowInSearch` tinyint(1) UNSIGNED NOT NULL DEFAULT '1',
  `ParentID` int(11) NOT NULL DEFAULT '0',
  `OwnerID` int(11) NOT NULL DEFAULT '0',
  `FileHash` varchar(255) DEFAULT NULL,
  `FileFilename` varchar(255) DEFAULT NULL,
  `FileVariant` varchar(255) DEFAULT NULL
) ENGINE=InnoDB DEFAULT CHARSET=utf8;

--
-- Dumping data for table `file`
--

INSERT INTO `file` (`ID`, `ClassName`, `LastEdited`, `Created`, `Version`, `CanViewType`, `CanEditType`, `Name`, `Title`, `ShowInSearch`, `ParentID`, `OwnerID`, `FileHash`, `FileFilename`, `FileVariant`) VALUES
(1, 'SilverStripe\\Assets\\Folder', '2018-10-15 22:45:42', '2018-10-15 22:45:42', 2, 'Inherit', 'Inherit', 'Uploads', 'Uploads', 1, 0, 1, NULL, NULL, NULL);

-- --------------------------------------------------------

--
-- Table structure for table `filelink`
--

CREATE TABLE `filelink` (
  `ID` int(11) NOT NULL,
  `ClassName` enum('SilverStripe\\Assets\\Shortcodes\\FileLink') DEFAULT 'SilverStripe\\Assets\\Shortcodes\\FileLink',
  `LastEdited` datetime DEFAULT NULL,
  `Created` datetime DEFAULT NULL,
  `LinkedID` int(11) NOT NULL DEFAULT '0',
  `ParentID` int(11) NOT NULL DEFAULT '0',
  `ParentClass` enum('Streunerkatzen\\Cat','Streunerkatzen\\HairColor','Streunerkatzen\\HairLength','Streunerkatzen\\LostFoundStatus','Streunerkatzen\\LostFoundTime','SilverStripe\\Assets\\File','SilverStripe\\SiteConfig\\SiteConfig','SilverStripe\\Versioned\\ChangeSet','SilverStripe\\Versioned\\ChangeSetItem','SilverStripe\\Assets\\Shortcodes\\FileLink','SilverStripe\\CMS\\Model\\SiteTree','SilverStripe\\CMS\\Model\\SiteTreeLink','SilverStripe\\Security\\Group','SilverStripe\\Security\\LoginAttempt','SilverStripe\\Security\\Member','SilverStripe\\Security\\MemberPassword','SilverStripe\\Security\\Permission','SilverStripe\\Security\\PermissionRole','SilverStripe\\Security\\PermissionRoleCode','SilverStripe\\Security\\RememberLoginHash','Symbiote\\MemberProfiles\\Model\\MemberProfileField','Symbiote\\MemberProfiles\\Model\\MemberProfileSection','SilverStripe\\Assets\\Folder','SilverStripe\\Assets\\Image','Page','SilverStripe\\ErrorPage\\ErrorPage','SilverStripe\\CMS\\Model\\RedirectorPage','SilverStripe\\CMS\\Model\\VirtualPage','Symbiote\\MemberProfiles\\Pages\\MemberProfilePage','Symbiote\\MemberProfiles\\Model\\MemberProfileFieldsSection') DEFAULT 'Streunerkatzen\\Cat'
) ENGINE=InnoDB DEFAULT CHARSET=utf8;

-- --------------------------------------------------------

--
-- Table structure for table `file_editorgroups`
--

CREATE TABLE `file_editorgroups` (
  `ID` int(11) NOT NULL,
  `FileID` int(11) NOT NULL DEFAULT '0',
  `GroupID` int(11) NOT NULL DEFAULT '0'
) ENGINE=InnoDB DEFAULT CHARSET=utf8;

-- --------------------------------------------------------

--
-- Table structure for table `file_live`
--

CREATE TABLE `file_live` (
  `ID` int(11) NOT NULL,
  `ClassName` enum('SilverStripe\\Assets\\File','SilverStripe\\Assets\\Folder','SilverStripe\\Assets\\Image') DEFAULT 'SilverStripe\\Assets\\File',
  `LastEdited` datetime DEFAULT NULL,
  `Created` datetime DEFAULT NULL,
  `Version` int(11) NOT NULL DEFAULT '0',
  `CanViewType` enum('Anyone','LoggedInUsers','OnlyTheseUsers','Inherit') DEFAULT 'Inherit',
  `CanEditType` enum('LoggedInUsers','OnlyTheseUsers','Inherit') DEFAULT 'Inherit',
  `Name` varchar(255) DEFAULT NULL,
  `Title` varchar(255) DEFAULT NULL,
  `ShowInSearch` tinyint(1) UNSIGNED NOT NULL DEFAULT '1',
  `ParentID` int(11) NOT NULL DEFAULT '0',
  `OwnerID` int(11) NOT NULL DEFAULT '0',
  `FileHash` varchar(255) DEFAULT NULL,
  `FileFilename` varchar(255) DEFAULT NULL,
  `FileVariant` varchar(255) DEFAULT NULL
) ENGINE=InnoDB DEFAULT CHARSET=utf8;

--
-- Dumping data for table `file_live`
--

INSERT INTO `file_live` (`ID`, `ClassName`, `LastEdited`, `Created`, `Version`, `CanViewType`, `CanEditType`, `Name`, `Title`, `ShowInSearch`, `ParentID`, `OwnerID`, `FileHash`, `FileFilename`, `FileVariant`) VALUES
(1, 'SilverStripe\\Assets\\Folder', '2018-10-15 22:45:42', '2018-10-15 22:45:42', 2, 'Inherit', 'Inherit', 'Uploads', 'Uploads', 1, 0, 1, NULL, NULL, NULL);

-- --------------------------------------------------------

--
-- Table structure for table `file_versions`
--

CREATE TABLE `file_versions` (
  `ID` int(11) NOT NULL,
  `RecordID` int(11) NOT NULL DEFAULT '0',
  `Version` int(11) NOT NULL DEFAULT '0',
  `WasPublished` tinyint(1) UNSIGNED NOT NULL DEFAULT '0',
  `WasDeleted` tinyint(1) UNSIGNED NOT NULL DEFAULT '0',
  `WasDraft` tinyint(1) UNSIGNED NOT NULL DEFAULT '0',
  `AuthorID` int(11) NOT NULL DEFAULT '0',
  `PublisherID` int(11) NOT NULL DEFAULT '0',
  `ClassName` enum('SilverStripe\\Assets\\File','SilverStripe\\Assets\\Folder','SilverStripe\\Assets\\Image') DEFAULT 'SilverStripe\\Assets\\File',
  `LastEdited` datetime DEFAULT NULL,
  `Created` datetime DEFAULT NULL,
  `CanViewType` enum('Anyone','LoggedInUsers','OnlyTheseUsers','Inherit') DEFAULT 'Inherit',
  `CanEditType` enum('LoggedInUsers','OnlyTheseUsers','Inherit') DEFAULT 'Inherit',
  `Name` varchar(255) DEFAULT NULL,
  `Title` varchar(255) DEFAULT NULL,
  `ShowInSearch` tinyint(1) UNSIGNED NOT NULL DEFAULT '1',
  `ParentID` int(11) NOT NULL DEFAULT '0',
  `OwnerID` int(11) NOT NULL DEFAULT '0',
  `FileHash` varchar(255) DEFAULT NULL,
  `FileFilename` varchar(255) DEFAULT NULL,
  `FileVariant` varchar(255) DEFAULT NULL
) ENGINE=InnoDB DEFAULT CHARSET=utf8;

--
-- Dumping data for table `file_versions`
--

INSERT INTO `file_versions` (`ID`, `RecordID`, `Version`, `WasPublished`, `WasDeleted`, `WasDraft`, `AuthorID`, `PublisherID`, `ClassName`, `LastEdited`, `Created`, `CanViewType`, `CanEditType`, `Name`, `Title`, `ShowInSearch`, `ParentID`, `OwnerID`, `FileHash`, `FileFilename`, `FileVariant`) VALUES
(1, 1, 1, 0, 0, 1, 1, 0, 'SilverStripe\\Assets\\Folder', '2018-10-15 22:45:42', '2018-10-15 22:45:42', 'Inherit', 'Inherit', 'Uploads', 'Uploads', 1, 0, 1, NULL, NULL, NULL),
(2, 1, 2, 1, 0, 1, 1, 1, 'SilverStripe\\Assets\\Folder', '2018-10-15 22:45:42', '2018-10-15 22:45:42', 'Inherit', 'Inherit', 'Uploads', 'Uploads', 1, 0, 1, NULL, NULL, NULL);

-- --------------------------------------------------------

--
-- Table structure for table `file_viewergroups`
--

CREATE TABLE `file_viewergroups` (
  `ID` int(11) NOT NULL,
  `FileID` int(11) NOT NULL DEFAULT '0',
  `GroupID` int(11) NOT NULL DEFAULT '0'
) ENGINE=InnoDB DEFAULT CHARSET=utf8;

-- --------------------------------------------------------

--
-- Table structure for table `group`
--

CREATE TABLE `group` (
  `ID` int(11) NOT NULL,
  `ClassName` enum('SilverStripe\\Security\\Group') DEFAULT 'SilverStripe\\Security\\Group',
  `LastEdited` datetime DEFAULT NULL,
  `Created` datetime DEFAULT NULL,
  `Title` varchar(255) DEFAULT NULL,
  `Description` mediumtext,
  `Code` varchar(255) DEFAULT NULL,
  `Locked` tinyint(1) UNSIGNED NOT NULL DEFAULT '0',
  `Sort` int(11) NOT NULL DEFAULT '0',
  `HtmlEditorConfig` mediumtext,
  `ParentID` int(11) NOT NULL DEFAULT '0'
) ENGINE=InnoDB DEFAULT CHARSET=utf8;

--
-- Dumping data for table `group`
--

INSERT INTO `group` (`ID`, `ClassName`, `LastEdited`, `Created`, `Title`, `Description`, `Code`, `Locked`, `Sort`, `HtmlEditorConfig`, `ParentID`) VALUES
(1, 'SilverStripe\\Security\\Group', '2018-09-09 11:33:07', '2018-09-09 11:33:07', 'Inhaltsautoren', NULL, 'content-authors', 0, 1, NULL, 0),
(2, 'SilverStripe\\Security\\Group', '2018-09-09 11:33:07', '2018-09-09 11:33:07', 'Administratoren', NULL, 'administrators', 0, 0, NULL, 0);

-- --------------------------------------------------------

--
-- Table structure for table `group_members`
--

CREATE TABLE `group_members` (
  `ID` int(11) NOT NULL,
  `GroupID` int(11) NOT NULL DEFAULT '0',
  `MemberID` int(11) NOT NULL DEFAULT '0'
) ENGINE=InnoDB DEFAULT CHARSET=utf8;

--
-- Dumping data for table `group_members`
--

INSERT INTO `group_members` (`ID`, `GroupID`, `MemberID`) VALUES
(1, 2, 1);

-- --------------------------------------------------------

--
-- Table structure for table `group_roles`
--

CREATE TABLE `group_roles` (
  `ID` int(11) NOT NULL,
  `GroupID` int(11) NOT NULL DEFAULT '0',
  `PermissionRoleID` int(11) NOT NULL DEFAULT '0'
) ENGINE=InnoDB DEFAULT CHARSET=utf8;

-- --------------------------------------------------------

--
-- Table structure for table `loginattempt`
--

CREATE TABLE `loginattempt` (
  `ID` int(11) NOT NULL,
  `ClassName` enum('SilverStripe\\Security\\LoginAttempt') DEFAULT 'SilverStripe\\Security\\LoginAttempt',
  `LastEdited` datetime DEFAULT NULL,
  `Created` datetime DEFAULT NULL,
  `Email` varchar(255) DEFAULT NULL,
  `EmailHashed` varchar(255) DEFAULT NULL,
  `Status` enum('Success','Failure') DEFAULT 'Success',
  `IP` varchar(255) DEFAULT NULL,
  `MemberID` int(11) NOT NULL DEFAULT '0'
) ENGINE=InnoDB DEFAULT CHARSET=utf8;

--
-- Dumping data for table `loginattempt`
--

INSERT INTO `loginattempt` (`ID`, `ClassName`, `LastEdited`, `Created`, `Email`, `EmailHashed`, `Status`, `IP`, `MemberID`) VALUES
(1, 'SilverStripe\\Security\\LoginAttempt', '2018-09-09 11:48:11', '2018-09-09 11:48:11', NULL, '6220d012167711f5d91c6b46310585afd00cf660', 'Success', '::1', 1),
(2, 'SilverStripe\\Security\\LoginAttempt', '2018-10-29 14:01:49', '2018-10-29 14:01:49', NULL, '6220d012167711f5d91c6b46310585afd00cf660', 'Success', '::1', 1),
(3, 'SilverStripe\\Security\\LoginAttempt', '2019-01-14 20:31:03', '2019-01-14 20:31:03', NULL, '6220d012167711f5d91c6b46310585afd00cf660', 'Success', '::1', 1);

-- --------------------------------------------------------

--
-- Table structure for table `member`
--

CREATE TABLE `member` (
  `ID` int(11) NOT NULL,
  `ClassName` enum('SilverStripe\\Security\\Member') DEFAULT 'SilverStripe\\Security\\Member',
  `LastEdited` datetime DEFAULT NULL,
  `Created` datetime DEFAULT NULL,
  `FirstName` varchar(255) DEFAULT NULL,
  `Surname` varchar(255) DEFAULT NULL,
  `Email` varchar(254) DEFAULT NULL,
  `TempIDHash` varchar(160) DEFAULT NULL,
  `TempIDExpired` datetime DEFAULT NULL,
  `Password` varchar(160) DEFAULT NULL,
  `AutoLoginHash` varchar(160) DEFAULT NULL,
  `AutoLoginExpired` datetime DEFAULT NULL,
  `PasswordEncryption` varchar(50) DEFAULT NULL,
  `Salt` varchar(50) DEFAULT NULL,
  `PasswordExpiry` date DEFAULT NULL,
  `LockedOutUntil` datetime DEFAULT NULL,
  `Locale` varchar(6) DEFAULT NULL,
  `FailedLoginCount` int(11) NOT NULL DEFAULT '0',
  `ValidationKey` varchar(40) DEFAULT NULL,
  `NeedsValidation` tinyint(1) UNSIGNED NOT NULL DEFAULT '0',
  `NeedsApproval` tinyint(1) UNSIGNED NOT NULL DEFAULT '0',
  `PublicFieldsRaw` mediumtext,
  `ProfilePageID` int(11) NOT NULL DEFAULT '0',
  `Street` varchar(250) DEFAULT NULL,
  `HouseNumber` varchar(25) DEFAULT NULL,
  `Town` varchar(250) DEFAULT NULL,
  `Zipcode` int(11) NOT NULL DEFAULT '0',
  `Country` varchar(250) DEFAULT NULL,
  `PhoneNumber` varchar(250) DEFAULT NULL
) ENGINE=InnoDB DEFAULT CHARSET=utf8;

--
-- Dumping data for table `member`
--

INSERT INTO `member` (`ID`, `ClassName`, `LastEdited`, `Created`, `FirstName`, `Surname`, `Email`, `TempIDHash`, `TempIDExpired`, `Password`, `AutoLoginHash`, `AutoLoginExpired`, `PasswordEncryption`, `Salt`, `PasswordExpiry`, `LockedOutUntil`, `Locale`, `FailedLoginCount`, `ValidationKey`, `NeedsValidation`, `NeedsApproval`, `PublicFieldsRaw`, `ProfilePageID`, `Street`, `HouseNumber`, `Town`, `Zipcode`, `Country`, `PhoneNumber`) VALUES
(1, 'SilverStripe\\Security\\Member', '2019-01-14 20:31:03', NULL, 'Gernot', 'Raudner', 'streunerkatzen_silverstripe@gernotraudner.at', '36dcde04b3cd25104c1b32c013dffeafcd9414df', '2019-01-17 20:31:03', '$2y$10$696a5429ae50f3314602buZYQF6iLl6iYxFOkA5geumXdBDTNZkGC', NULL, NULL, 'blowfish', '10$696a5429ae50f3314602b6', NULL, NULL, NULL, 0, NULL, 0, 0, NULL, 0, NULL, NULL, NULL, 0, NULL, NULL),
(2, 'SilverStripe\\Security\\Member', '2019-01-15 21:10:18', '2019-01-15 21:10:18', 'Aida', 'Agic', NULL, NULL, NULL, '$2y$10$e4177d2800622e75b8c71eMwKPVMFVVnC3uyPpfFPcd8QDZeoFsiW', NULL, NULL, 'blowfish', '10$e4177d2800622e75b8c71f', NULL, NULL, 'de_DE', 0, '64516533c6c21c92c20937db45c65186a084698d', 0, 0, NULL, 0, NULL, NULL, NULL, 0, NULL, NULL),
(3, 'SilverStripe\\Security\\Member', '2019-01-15 21:10:19', '2019-01-15 21:10:19', 'Bettina', 'Leherbauer', NULL, NULL, NULL, '$2y$10$7d5b65f8164b3b241b7cbuaabi.FiAhfQY.N.RVkbG30QdBiLOnku', NULL, NULL, 'blowfish', '10$7d5b65f8164b3b241b7cb8', NULL, NULL, 'de_DE', 0, '8ca7e682eccdbd135047437ee0dfaf84ebed87d4', 0, 0, NULL, 0, NULL, NULL, NULL, 0, NULL, NULL),
(4, 'SilverStripe\\Security\\Member', '2019-01-15 21:10:19', '2019-01-15 21:10:19', 'Magdalena', 'Czeschka', NULL, NULL, NULL, '$2y$10$ada773c71c1b1a35b7a14uqljvwp1JAOS7g4fh4dK/tlVrYb.Yooi', NULL, NULL, 'blowfish', '10$ada773c71c1b1a35b7a140', NULL, NULL, 'de_DE', 0, 'b1ffb226d98e7c95c977af35a0f4cd2dd5b436a7', 0, 0, NULL, 0, NULL, NULL, NULL, 0, NULL, NULL),
(5, 'SilverStripe\\Security\\Member', '2019-01-15 21:10:19', '2019-01-15 21:10:19', 'Theresa', 'Rohrer', NULL, NULL, NULL, '$2y$10$11a68ed0eacc25284188de.8P4tnoK8RuVGRru47CqnYqknNRsMq.', NULL, NULL, 'blowfish', '10$11a68ed0eacc25284188df', NULL, NULL, 'de_DE', 0, 'b4cd545e8f0608a582ca1e5f4165b30d60cb19a1', 0, 0, NULL, 0, NULL, NULL, NULL, 0, NULL, NULL),
(6, 'SilverStripe\\Security\\Member', '2019-01-15 21:10:19', '2019-01-15 21:10:19', 'Harald', 'Kerschbaumer', NULL, NULL, NULL, '$2y$10$31f5566228d4d6ed6e351O2yYfxTi48BxA6w5L9f61BJqBUY/2u4e', NULL, NULL, 'blowfish', '10$31f5566228d4d6ed6e351b', NULL, NULL, 'de_DE', 0, '6cfcf984a3ee5b852c24d7c67dc20d268ecd86fc', 0, 0, NULL, 0, NULL, NULL, NULL, 0, NULL, NULL),
(7, 'SilverStripe\\Security\\Member', '2019-01-15 21:10:20', '2019-01-15 21:10:20', NULL, 'Dr. Neumayr', NULL, NULL, NULL, '$2y$10$bf5a05c6b9e2ccd91b7dfepJZFRmw/s0/qfK5cS2b0UcBBhl77N7K', NULL, NULL, 'blowfish', '10$bf5a05c6b9e2ccd91b7dff', NULL, NULL, 'de_DE', 0, '2c30c841c1e3aeb3993490ddc1f9ba3496561031', 0, 0, NULL, 0, NULL, NULL, NULL, 0, NULL, NULL),
(8, 'SilverStripe\\Security\\Member', '2019-01-15 21:10:20', '2019-01-15 21:10:20', NULL, 'Bachleitner', NULL, NULL, NULL, '$2y$10$7b6819a7bc213ef678ddbOAwrgq0EnwKzVst7XKMrzb0VbWiaAIhO', NULL, NULL, 'blowfish', '10$7b6819a7bc213ef678ddba', NULL, NULL, 'de_DE', 0, 'e762666200782efb3a3c9a3b4ee02256b61d1c82', 0, 0, NULL, 0, NULL, NULL, NULL, 0, NULL, NULL),
(9, 'SilverStripe\\Security\\Member', '2019-01-15 21:10:20', '2019-01-15 21:10:20', 'Magdalena', 'Brännland', NULL, NULL, NULL, '$2y$10$02785c95008a0fea1d63euOald8sZXqxxbDLMCwc84ZY.co9suesq', NULL, NULL, 'blowfish', '10$02785c95008a0fea1d63e5', NULL, NULL, 'de_DE', 0, '589a64d71f475907ce56626a21c32f8d17ea0895', 0, 0, NULL, 0, NULL, NULL, NULL, 0, NULL, NULL),
(10, 'SilverStripe\\Security\\Member', '2019-01-15 21:10:20', '2019-01-15 21:10:20', NULL, 'Pfotenhilfe Lochen', NULL, NULL, NULL, '$2y$10$4ffba4d90a359ad1ec3e7eeMvu8cwFNEzFQqiohynWKJUnV8K.882', NULL, NULL, 'blowfish', '10$4ffba4d90a359ad1ec3e7e', NULL, NULL, 'de_DE', 0, '352f47164d354c960c50bd71adb73d597b8cbe0d', 0, 0, NULL, 0, NULL, NULL, NULL, 0, NULL, NULL),
(11, 'SilverStripe\\Security\\Member', '2019-01-15 21:10:20', '2019-01-15 21:10:20', 'Erich', 'Holzer', NULL, NULL, NULL, '$2y$10$548ae47515927d89340afuSejEcnCy5kHTsXQAoRfHf7fNM2/IIlm', NULL, NULL, 'blowfish', '10$548ae47515927d89340af4', NULL, NULL, 'de_DE', 0, '1aa904402afc1504e61b23a481d7807bb7bc8276', 0, 0, NULL, 0, NULL, NULL, NULL, 0, NULL, NULL);

-- --------------------------------------------------------

--
-- Table structure for table `memberpassword`
--

CREATE TABLE `memberpassword` (
  `ID` int(11) NOT NULL,
  `ClassName` enum('SilverStripe\\Security\\MemberPassword') DEFAULT 'SilverStripe\\Security\\MemberPassword',
  `LastEdited` datetime DEFAULT NULL,
  `Created` datetime DEFAULT NULL,
  `Password` varchar(160) DEFAULT NULL,
  `Salt` varchar(50) DEFAULT NULL,
  `PasswordEncryption` varchar(50) DEFAULT NULL,
  `MemberID` int(11) NOT NULL DEFAULT '0'
) ENGINE=InnoDB DEFAULT CHARSET=utf8;

--
-- Dumping data for table `memberpassword`
--

INSERT INTO `memberpassword` (`ID`, `ClassName`, `LastEdited`, `Created`, `Password`, `Salt`, `PasswordEncryption`, `MemberID`) VALUES
(1, 'SilverStripe\\Security\\MemberPassword', '2018-09-09 11:47:43', '2018-09-09 11:47:43', '$2y$10$696a5429ae50f3314602buZYQF6iLl6iYxFOkA5geumXdBDTNZkGC', '10$696a5429ae50f3314602b6', 'blowfish', 1),
(2, 'SilverStripe\\Security\\MemberPassword', '2019-01-15 21:10:19', '2019-01-15 21:10:19', '$2y$10$e4177d2800622e75b8c71eMwKPVMFVVnC3uyPpfFPcd8QDZeoFsiW', '10$e4177d2800622e75b8c71f', 'blowfish', 2),
(3, 'SilverStripe\\Security\\MemberPassword', '2019-01-15 21:10:19', '2019-01-15 21:10:19', '$2y$10$7d5b65f8164b3b241b7cbuaabi.FiAhfQY.N.RVkbG30QdBiLOnku', '10$7d5b65f8164b3b241b7cb8', 'blowfish', 3),
(4, 'SilverStripe\\Security\\MemberPassword', '2019-01-15 21:10:19', '2019-01-15 21:10:19', '$2y$10$ada773c71c1b1a35b7a14uqljvwp1JAOS7g4fh4dK/tlVrYb.Yooi', '10$ada773c71c1b1a35b7a140', 'blowfish', 4),
(5, 'SilverStripe\\Security\\MemberPassword', '2019-01-15 21:10:19', '2019-01-15 21:10:19', '$2y$10$11a68ed0eacc25284188de.8P4tnoK8RuVGRru47CqnYqknNRsMq.', '10$11a68ed0eacc25284188df', 'blowfish', 5),
(6, 'SilverStripe\\Security\\MemberPassword', '2019-01-15 21:10:20', '2019-01-15 21:10:20', '$2y$10$31f5566228d4d6ed6e351O2yYfxTi48BxA6w5L9f61BJqBUY/2u4e', '10$31f5566228d4d6ed6e351b', 'blowfish', 6),
(7, 'SilverStripe\\Security\\MemberPassword', '2019-01-15 21:10:20', '2019-01-15 21:10:20', '$2y$10$bf5a05c6b9e2ccd91b7dfepJZFRmw/s0/qfK5cS2b0UcBBhl77N7K', '10$bf5a05c6b9e2ccd91b7dff', 'blowfish', 7),
(8, 'SilverStripe\\Security\\MemberPassword', '2019-01-15 21:10:20', '2019-01-15 21:10:20', '$2y$10$7b6819a7bc213ef678ddbOAwrgq0EnwKzVst7XKMrzb0VbWiaAIhO', '10$7b6819a7bc213ef678ddba', 'blowfish', 8),
(9, 'SilverStripe\\Security\\MemberPassword', '2019-01-15 21:10:20', '2019-01-15 21:10:20', '$2y$10$02785c95008a0fea1d63euOald8sZXqxxbDLMCwc84ZY.co9suesq', '10$02785c95008a0fea1d63e5', 'blowfish', 9),
(10, 'SilverStripe\\Security\\MemberPassword', '2019-01-15 21:10:20', '2019-01-15 21:10:20', '$2y$10$4ffba4d90a359ad1ec3e7eeMvu8cwFNEzFQqiohynWKJUnV8K.882', '10$4ffba4d90a359ad1ec3e7e', 'blowfish', 10),
(11, 'SilverStripe\\Security\\MemberPassword', '2019-01-15 21:10:21', '2019-01-15 21:10:21', '$2y$10$548ae47515927d89340afuSejEcnCy5kHTsXQAoRfHf7fNM2/IIlm', '10$548ae47515927d89340af4', 'blowfish', 11);

-- --------------------------------------------------------

--
-- Table structure for table `memberprofilefield`
--

CREATE TABLE `memberprofilefield` (
  `ID` int(11) NOT NULL,
  `ClassName` enum('Symbiote\\MemberProfiles\\Model\\MemberProfileField') DEFAULT 'Symbiote\\MemberProfiles\\Model\\MemberProfileField',
  `LastEdited` datetime DEFAULT NULL,
  `Created` datetime DEFAULT NULL,
  `Version` int(11) NOT NULL DEFAULT '0',
  `ProfileVisibility` enum('Edit','Readonly','Hidden') DEFAULT 'Hidden',
  `RegistrationVisibility` enum('Edit','Readonly','Hidden') DEFAULT 'Hidden',
  `MemberListVisible` tinyint(1) UNSIGNED NOT NULL DEFAULT '0',
  `PublicVisibility` enum('Display','MemberChoice','Hidden') DEFAULT 'Hidden',
  `PublicVisibilityDefault` tinyint(1) UNSIGNED NOT NULL DEFAULT '0',
  `MemberField` varchar(100) DEFAULT NULL,
  `CustomTitle` varchar(100) DEFAULT NULL,
  `DefaultValue` mediumtext,
  `Note` varchar(255) DEFAULT NULL,
  `CustomError` varchar(255) DEFAULT NULL,
  `Unique` tinyint(1) UNSIGNED NOT NULL DEFAULT '0',
  `Required` tinyint(1) UNSIGNED NOT NULL DEFAULT '0',
  `Sort` int(11) NOT NULL DEFAULT '0',
  `ProfilePageID` int(11) NOT NULL DEFAULT '0'
) ENGINE=InnoDB DEFAULT CHARSET=utf8;

--
-- Dumping data for table `memberprofilefield`
--

INSERT INTO `memberprofilefield` (`ID`, `ClassName`, `LastEdited`, `Created`, `Version`, `ProfileVisibility`, `RegistrationVisibility`, `MemberListVisible`, `PublicVisibility`, `PublicVisibilityDefault`, `MemberField`, `CustomTitle`, `DefaultValue`, `Note`, `CustomError`, `Unique`, `Required`, `Sort`, `ProfilePageID`) VALUES
(1, 'Symbiote\\MemberProfiles\\Model\\MemberProfileField', '2019-01-14 21:24:48', '2019-01-14 20:35:51', 2, 'Edit', 'Edit', 1, 'Display', 0, 'FirstName', NULL, NULL, NULL, NULL, 0, 0, 1, 6),
(2, 'Symbiote\\MemberProfiles\\Model\\MemberProfileField', '2019-01-14 21:24:49', '2019-01-14 20:35:51', 2, 'Edit', 'Edit', 1, 'MemberChoice', 1, 'Surname', NULL, NULL, NULL, NULL, 0, 0, 2, 6),
(3, 'Symbiote\\MemberProfiles\\Model\\MemberProfileField', '2019-01-14 21:24:49', '2019-01-14 20:35:51', 2, 'Edit', 'Edit', 0, 'MemberChoice', 0, 'Email', NULL, NULL, NULL, NULL, 1, 1, 3, 6),
(4, 'Symbiote\\MemberProfiles\\Model\\MemberProfileField', '2019-01-14 21:24:32', '2019-01-14 20:35:51', 3, 'Edit', 'Edit', 0, 'Hidden', 0, 'Password', NULL, NULL, NULL, NULL, 0, 1, 4, 6),
(5, 'Symbiote\\MemberProfiles\\Model\\MemberProfileField', '2019-01-14 21:24:49', '2019-01-14 20:35:51', 2, 'Hidden', 'Hidden', 0, 'Hidden', 0, 'Locale', NULL, NULL, NULL, NULL, 0, 0, 5, 6),
(6, 'Symbiote\\MemberProfiles\\Model\\MemberProfileField', '2019-01-14 21:24:49', '2019-01-14 20:35:52', 2, 'Hidden', 'Hidden', 0, 'Hidden', 0, 'Groups', NULL, NULL, NULL, NULL, 0, 0, 6, 6);

-- --------------------------------------------------------

--
-- Table structure for table `memberprofilefield_live`
--

CREATE TABLE `memberprofilefield_live` (
  `ID` int(11) NOT NULL,
  `ClassName` enum('Symbiote\\MemberProfiles\\Model\\MemberProfileField') DEFAULT 'Symbiote\\MemberProfiles\\Model\\MemberProfileField',
  `LastEdited` datetime DEFAULT NULL,
  `Created` datetime DEFAULT NULL,
  `Version` int(11) NOT NULL DEFAULT '0',
  `ProfileVisibility` enum('Edit','Readonly','Hidden') DEFAULT 'Hidden',
  `RegistrationVisibility` enum('Edit','Readonly','Hidden') DEFAULT 'Hidden',
  `MemberListVisible` tinyint(1) UNSIGNED NOT NULL DEFAULT '0',
  `PublicVisibility` enum('Display','MemberChoice','Hidden') DEFAULT 'Hidden',
  `PublicVisibilityDefault` tinyint(1) UNSIGNED NOT NULL DEFAULT '0',
  `MemberField` varchar(100) DEFAULT NULL,
  `CustomTitle` varchar(100) DEFAULT NULL,
  `DefaultValue` mediumtext,
  `Note` varchar(255) DEFAULT NULL,
  `CustomError` varchar(255) DEFAULT NULL,
  `Unique` tinyint(1) UNSIGNED NOT NULL DEFAULT '0',
  `Required` tinyint(1) UNSIGNED NOT NULL DEFAULT '0',
  `Sort` int(11) NOT NULL DEFAULT '0',
  `ProfilePageID` int(11) NOT NULL DEFAULT '0'
) ENGINE=InnoDB DEFAULT CHARSET=utf8;

--
-- Dumping data for table `memberprofilefield_live`
--

INSERT INTO `memberprofilefield_live` (`ID`, `ClassName`, `LastEdited`, `Created`, `Version`, `ProfileVisibility`, `RegistrationVisibility`, `MemberListVisible`, `PublicVisibility`, `PublicVisibilityDefault`, `MemberField`, `CustomTitle`, `DefaultValue`, `Note`, `CustomError`, `Unique`, `Required`, `Sort`, `ProfilePageID`) VALUES
(1, 'Symbiote\\MemberProfiles\\Model\\MemberProfileField', '2019-01-14 21:24:48', '2019-01-14 20:35:51', 2, 'Edit', 'Edit', 1, 'Display', 0, 'FirstName', NULL, NULL, NULL, NULL, 0, 0, 1, 6),
(2, 'Symbiote\\MemberProfiles\\Model\\MemberProfileField', '2019-01-14 21:24:49', '2019-01-14 20:35:51', 2, 'Edit', 'Edit', 1, 'MemberChoice', 1, 'Surname', NULL, NULL, NULL, NULL, 0, 0, 2, 6),
(3, 'Symbiote\\MemberProfiles\\Model\\MemberProfileField', '2019-01-14 21:24:49', '2019-01-14 20:35:51', 2, 'Edit', 'Edit', 0, 'MemberChoice', 0, 'Email', NULL, NULL, NULL, NULL, 1, 1, 3, 6),
(4, 'Symbiote\\MemberProfiles\\Model\\MemberProfileField', '2019-01-14 21:24:32', '2019-01-14 20:35:51', 3, 'Edit', 'Edit', 0, 'Hidden', 0, 'Password', NULL, NULL, NULL, NULL, 0, 1, 4, 6),
(5, 'Symbiote\\MemberProfiles\\Model\\MemberProfileField', '2019-01-14 21:24:49', '2019-01-14 20:35:51', 2, 'Hidden', 'Hidden', 0, 'Hidden', 0, 'Locale', NULL, NULL, NULL, NULL, 0, 0, 5, 6),
(6, 'Symbiote\\MemberProfiles\\Model\\MemberProfileField', '2019-01-14 21:24:49', '2019-01-14 20:35:52', 2, 'Hidden', 'Hidden', 0, 'Hidden', 0, 'Groups', NULL, NULL, NULL, NULL, 0, 0, 6, 6);

-- --------------------------------------------------------

--
-- Table structure for table `memberprofilefield_versions`
--

CREATE TABLE `memberprofilefield_versions` (
  `ID` int(11) NOT NULL,
  `RecordID` int(11) NOT NULL DEFAULT '0',
  `Version` int(11) NOT NULL DEFAULT '0',
  `WasPublished` tinyint(1) UNSIGNED NOT NULL DEFAULT '0',
  `WasDeleted` tinyint(1) UNSIGNED NOT NULL DEFAULT '0',
  `WasDraft` tinyint(1) UNSIGNED NOT NULL DEFAULT '0',
  `AuthorID` int(11) NOT NULL DEFAULT '0',
  `PublisherID` int(11) NOT NULL DEFAULT '0',
  `ClassName` enum('Symbiote\\MemberProfiles\\Model\\MemberProfileField') DEFAULT 'Symbiote\\MemberProfiles\\Model\\MemberProfileField',
  `LastEdited` datetime DEFAULT NULL,
  `Created` datetime DEFAULT NULL,
  `ProfileVisibility` enum('Edit','Readonly','Hidden') DEFAULT 'Hidden',
  `RegistrationVisibility` enum('Edit','Readonly','Hidden') DEFAULT 'Hidden',
  `MemberListVisible` tinyint(1) UNSIGNED NOT NULL DEFAULT '0',
  `PublicVisibility` enum('Display','MemberChoice','Hidden') DEFAULT 'Hidden',
  `PublicVisibilityDefault` tinyint(1) UNSIGNED NOT NULL DEFAULT '0',
  `MemberField` varchar(100) DEFAULT NULL,
  `CustomTitle` varchar(100) DEFAULT NULL,
  `DefaultValue` mediumtext,
  `Note` varchar(255) DEFAULT NULL,
  `CustomError` varchar(255) DEFAULT NULL,
  `Unique` tinyint(1) UNSIGNED NOT NULL DEFAULT '0',
  `Required` tinyint(1) UNSIGNED NOT NULL DEFAULT '0',
  `Sort` int(11) NOT NULL DEFAULT '0',
  `ProfilePageID` int(11) NOT NULL DEFAULT '0'
) ENGINE=InnoDB DEFAULT CHARSET=utf8;

--
-- Dumping data for table `memberprofilefield_versions`
--

INSERT INTO `memberprofilefield_versions` (`ID`, `RecordID`, `Version`, `WasPublished`, `WasDeleted`, `WasDraft`, `AuthorID`, `PublisherID`, `ClassName`, `LastEdited`, `Created`, `ProfileVisibility`, `RegistrationVisibility`, `MemberListVisible`, `PublicVisibility`, `PublicVisibilityDefault`, `MemberField`, `CustomTitle`, `DefaultValue`, `Note`, `CustomError`, `Unique`, `Required`, `Sort`, `ProfilePageID`) VALUES
(1, 1, 1, 0, 0, 1, 1, 0, 'Symbiote\\MemberProfiles\\Model\\MemberProfileField', '2019-01-14 20:35:51', '2019-01-14 20:35:51', 'Edit', 'Edit', 1, 'Display', 0, 'FirstName', NULL, NULL, NULL, NULL, 0, 0, 1, 6),
(2, 2, 1, 0, 0, 1, 1, 0, 'Symbiote\\MemberProfiles\\Model\\MemberProfileField', '2019-01-14 20:35:51', '2019-01-14 20:35:51', 'Edit', 'Edit', 1, 'MemberChoice', 1, 'Surname', NULL, NULL, NULL, NULL, 0, 0, 2, 6),
(3, 3, 1, 0, 0, 1, 1, 0, 'Symbiote\\MemberProfiles\\Model\\MemberProfileField', '2019-01-14 20:35:51', '2019-01-14 20:35:51', 'Edit', 'Edit', 0, 'MemberChoice', 0, 'Email', NULL, NULL, NULL, NULL, 1, 1, 3, 6),
(4, 4, 1, 0, 0, 1, 1, 0, 'Symbiote\\MemberProfiles\\Model\\MemberProfileField', '2019-01-14 20:35:51', '2019-01-14 20:35:51', 'Edit', 'Edit', 0, 'Hidden', 0, 'Password', NULL, NULL, NULL, NULL, 0, 1, 4, 6),
(5, 5, 1, 0, 0, 1, 1, 0, 'Symbiote\\MemberProfiles\\Model\\MemberProfileField', '2019-01-14 20:35:51', '2019-01-14 20:35:51', 'Hidden', 'Hidden', 0, 'Hidden', 0, 'Locale', NULL, NULL, NULL, NULL, 0, 0, 5, 6),
(6, 6, 1, 0, 0, 1, 1, 0, 'Symbiote\\MemberProfiles\\Model\\MemberProfileField', '2019-01-14 20:35:52', '2019-01-14 20:35:52', 'Hidden', 'Hidden', 0, 'Hidden', 0, 'Groups', NULL, NULL, NULL, NULL, 0, 0, 6, 6),
(7, 4, 2, 0, 0, 1, 1, 0, 'Symbiote\\MemberProfiles\\Model\\MemberProfileField', '2019-01-14 21:24:32', '2019-01-14 20:35:51', 'Edit', 'Edit', 0, 'Hidden', 0, 'Password', NULL, NULL, NULL, NULL, 0, 1, 4, 6),
(8, 4, 3, 1, 0, 1, 1, 1, 'Symbiote\\MemberProfiles\\Model\\MemberProfileField', '2019-01-14 21:24:32', '2019-01-14 20:35:51', 'Edit', 'Edit', 0, 'Hidden', 0, 'Password', NULL, NULL, NULL, NULL, 0, 1, 4, 6),
(9, 1, 2, 1, 0, 1, 1, 1, 'Symbiote\\MemberProfiles\\Model\\MemberProfileField', '2019-01-14 21:24:48', '2019-01-14 20:35:51', 'Edit', 'Edit', 1, 'Display', 0, 'FirstName', NULL, NULL, NULL, NULL, 0, 0, 1, 6),
(10, 2, 2, 1, 0, 1, 1, 1, 'Symbiote\\MemberProfiles\\Model\\MemberProfileField', '2019-01-14 21:24:49', '2019-01-14 20:35:51', 'Edit', 'Edit', 1, 'MemberChoice', 1, 'Surname', NULL, NULL, NULL, NULL, 0, 0, 2, 6),
(11, 3, 2, 1, 0, 1, 1, 1, 'Symbiote\\MemberProfiles\\Model\\MemberProfileField', '2019-01-14 21:24:49', '2019-01-14 20:35:51', 'Edit', 'Edit', 0, 'MemberChoice', 0, 'Email', NULL, NULL, NULL, NULL, 1, 1, 3, 6),
(12, 5, 2, 1, 0, 1, 1, 1, 'Symbiote\\MemberProfiles\\Model\\MemberProfileField', '2019-01-14 21:24:49', '2019-01-14 20:35:51', 'Hidden', 'Hidden', 0, 'Hidden', 0, 'Locale', NULL, NULL, NULL, NULL, 0, 0, 5, 6),
(13, 6, 2, 1, 0, 1, 1, 1, 'Symbiote\\MemberProfiles\\Model\\MemberProfileField', '2019-01-14 21:24:49', '2019-01-14 20:35:52', 'Hidden', 'Hidden', 0, 'Hidden', 0, 'Groups', NULL, NULL, NULL, NULL, 0, 0, 6, 6);

-- --------------------------------------------------------

--
-- Table structure for table `memberprofilepage`
--

CREATE TABLE `memberprofilepage` (
  `ID` int(11) NOT NULL,
  `ProfileTitle` varchar(255) DEFAULT NULL,
  `RegistrationTitle` varchar(255) DEFAULT NULL,
  `AfterRegistrationTitle` varchar(255) DEFAULT NULL,
  `ProfileContent` mediumtext,
  `RegistrationContent` mediumtext,
  `AfterRegistrationContent` mediumtext,
  `AllowRegistration` tinyint(1) UNSIGNED NOT NULL DEFAULT '0',
  `AllowProfileViewing` tinyint(1) UNSIGNED NOT NULL DEFAULT '0',
  `AllowProfileEditing` tinyint(1) UNSIGNED NOT NULL DEFAULT '0',
  `AllowAdding` tinyint(1) UNSIGNED NOT NULL DEFAULT '0',
  `RegistrationRedirect` tinyint(1) UNSIGNED NOT NULL DEFAULT '0',
  `RequireApproval` tinyint(1) UNSIGNED NOT NULL DEFAULT '0',
  `EmailType` enum('Validation','Confirmation','None') DEFAULT 'None',
  `EmailFrom` varchar(255) DEFAULT NULL,
  `EmailSubject` varchar(255) DEFAULT NULL,
  `EmailTemplate` mediumtext,
  `ConfirmationTitle` varchar(255) DEFAULT NULL,
  `ConfirmationContent` mediumtext,
  `PostRegistrationTargetID` int(11) NOT NULL DEFAULT '0'
) ENGINE=InnoDB DEFAULT CHARSET=utf8;

--
-- Dumping data for table `memberprofilepage`
--

INSERT INTO `memberprofilepage` (`ID`, `ProfileTitle`, `RegistrationTitle`, `AfterRegistrationTitle`, `ProfileContent`, `RegistrationContent`, `AfterRegistrationContent`, `AllowRegistration`, `AllowProfileViewing`, `AllowProfileEditing`, `AllowAdding`, `RegistrationRedirect`, `RequireApproval`, `EmailType`, `EmailFrom`, `EmailSubject`, `EmailTemplate`, `ConfirmationTitle`, `ConfirmationContent`, `PostRegistrationTargetID`) VALUES
(6, 'Profil bearbeiten', 'Register / Log In', 'Anmeldung erfolgreich.', '<p>Dies ist die \"Profil bearbeiten\" Seite</p>', NULL, '<p>Danke für die Anmeldung!</p>', 1, 0, 1, 0, 0, 0, 'Validation', 'office@streunerkatzen.org', 'Kontoaktivierung $SiteName', '<p>\r\n	Liebe/r $Member.FirstName,\r\n</p>\r\n\r\n<p>\r\n	Danke für Deine Anmeldung bei $SiteName! Um dein Konto benutzen zu können, bitte aktiviere vorher deine Emailadresse, indem Du den folgenden Link anklickst. Vorher ist es Dir nicht möglich, Katzenanzeigen zu erstellen.\r\n</p>\r\n\r\n<h3>Kontoaktivierung</h3>\r\n\r\n<p>\r\n	Bitte <a href=\"$ConfirmLink\">aktiviere Deine Emailadresse</a>, oder öffne den folgenden Link in Deinem Browser:\r\n</p>\r\n\r\n<pre>$ConfirmLink</pre>\r\n\r\n<p>\r\n	Wenn Du nicht die Person bist, die sich mit dieser Emailadresse registriert hat, bitte ignoriere diese Email. Das entsprechende Nutzerkonto wird nicht aktiviert.\r\n</p>\r\n\r\n<h3>Log-In Details</h3>\r\n\r\n<p>\r\n	Sobald Dein Konto aktiviert wurde wirst Du automatisch eingeloggt. Du kannst Dich außerdem mit einem Klick auf der <a href=\"$LoginLink\">Login-Seite</a> einloggen. Solltest Du Dein Passwort vergessen haben, kannst Du auf der <a href=\"$LostPasswordLink\">Passwort verloren-Seite</a> ein neues anfordern.\r\n</p>\r\n', 'Konto aktiviert', '<p>Dein Konto ist nun aktiv, und Du wurdest eingeloggt. Vielen Dank!</p>', 0);

-- --------------------------------------------------------

--
-- Table structure for table `memberprofilepage_approvalgroups`
--

CREATE TABLE `memberprofilepage_approvalgroups` (
  `ID` int(11) NOT NULL,
  `MemberProfilePageID` int(11) NOT NULL DEFAULT '0',
  `GroupID` int(11) NOT NULL DEFAULT '0'
) ENGINE=InnoDB DEFAULT CHARSET=utf8;

-- --------------------------------------------------------

--
-- Table structure for table `memberprofilepage_groups`
--

CREATE TABLE `memberprofilepage_groups` (
  `ID` int(11) NOT NULL,
  `MemberProfilePageID` int(11) NOT NULL DEFAULT '0',
  `GroupID` int(11) NOT NULL DEFAULT '0'
) ENGINE=InnoDB DEFAULT CHARSET=utf8;

-- --------------------------------------------------------

--
-- Table structure for table `memberprofilepage_live`
--

CREATE TABLE `memberprofilepage_live` (
  `ID` int(11) NOT NULL,
  `ProfileTitle` varchar(255) DEFAULT NULL,
  `RegistrationTitle` varchar(255) DEFAULT NULL,
  `AfterRegistrationTitle` varchar(255) DEFAULT NULL,
  `ProfileContent` mediumtext,
  `RegistrationContent` mediumtext,
  `AfterRegistrationContent` mediumtext,
  `AllowRegistration` tinyint(1) UNSIGNED NOT NULL DEFAULT '0',
  `AllowProfileViewing` tinyint(1) UNSIGNED NOT NULL DEFAULT '0',
  `AllowProfileEditing` tinyint(1) UNSIGNED NOT NULL DEFAULT '0',
  `AllowAdding` tinyint(1) UNSIGNED NOT NULL DEFAULT '0',
  `RegistrationRedirect` tinyint(1) UNSIGNED NOT NULL DEFAULT '0',
  `RequireApproval` tinyint(1) UNSIGNED NOT NULL DEFAULT '0',
  `EmailType` enum('Validation','Confirmation','None') DEFAULT 'None',
  `EmailFrom` varchar(255) DEFAULT NULL,
  `EmailSubject` varchar(255) DEFAULT NULL,
  `EmailTemplate` mediumtext,
  `ConfirmationTitle` varchar(255) DEFAULT NULL,
  `ConfirmationContent` mediumtext,
  `PostRegistrationTargetID` int(11) NOT NULL DEFAULT '0'
) ENGINE=InnoDB DEFAULT CHARSET=utf8;

--
-- Dumping data for table `memberprofilepage_live`
--

INSERT INTO `memberprofilepage_live` (`ID`, `ProfileTitle`, `RegistrationTitle`, `AfterRegistrationTitle`, `ProfileContent`, `RegistrationContent`, `AfterRegistrationContent`, `AllowRegistration`, `AllowProfileViewing`, `AllowProfileEditing`, `AllowAdding`, `RegistrationRedirect`, `RequireApproval`, `EmailType`, `EmailFrom`, `EmailSubject`, `EmailTemplate`, `ConfirmationTitle`, `ConfirmationContent`, `PostRegistrationTargetID`) VALUES
(6, 'Profil bearbeiten', 'Register / Log In', 'Anmeldung erfolgreich.', '<p>Dies ist die \"Profil bearbeiten\" Seite</p>', NULL, '<p>Danke für die Anmeldung!</p>', 1, 0, 1, 0, 0, 0, 'Validation', 'office@streunerkatzen.org', 'Kontoaktivierung $SiteName', '<p>\r\n	Liebe/r $Member.FirstName,\r\n</p>\r\n\r\n<p>\r\n	Danke für Deine Anmeldung bei $SiteName! Um dein Konto benutzen zu können, bitte aktiviere vorher deine Emailadresse, indem Du den folgenden Link anklickst. Vorher ist es Dir nicht möglich, Katzenanzeigen zu erstellen.\r\n</p>\r\n\r\n<h3>Kontoaktivierung</h3>\r\n\r\n<p>\r\n	Bitte <a href=\"$ConfirmLink\">aktiviere Deine Emailadresse</a>, oder öffne den folgenden Link in Deinem Browser:\r\n</p>\r\n\r\n<pre>$ConfirmLink</pre>\r\n\r\n<p>\r\n	Wenn Du nicht die Person bist, die sich mit dieser Emailadresse registriert hat, bitte ignoriere diese Email. Das entsprechende Nutzerkonto wird nicht aktiviert.\r\n</p>\r\n\r\n<h3>Log-In Details</h3>\r\n\r\n<p>\r\n	Sobald Dein Konto aktiviert wurde wirst Du automatisch eingeloggt. Du kannst Dich außerdem mit einem Klick auf der <a href=\"$LoginLink\">Login-Seite</a> einloggen. Solltest Du Dein Passwort vergessen haben, kannst Du auf der <a href=\"$LostPasswordLink\">Passwort verloren-Seite</a> ein neues anfordern.\r\n</p>\r\n', 'Konto aktiviert', '<p>Dein Konto ist nun aktiv, und Du wurdest eingeloggt. Vielen Dank!</p>', 0);

-- --------------------------------------------------------

--
-- Table structure for table `memberprofilepage_selectablegroups`
--

CREATE TABLE `memberprofilepage_selectablegroups` (
  `ID` int(11) NOT NULL,
  `MemberProfilePageID` int(11) NOT NULL DEFAULT '0',
  `GroupID` int(11) NOT NULL DEFAULT '0'
) ENGINE=InnoDB DEFAULT CHARSET=utf8;

-- --------------------------------------------------------

--
-- Table structure for table `memberprofilepage_versions`
--

CREATE TABLE `memberprofilepage_versions` (
  `ID` int(11) NOT NULL,
  `RecordID` int(11) NOT NULL DEFAULT '0',
  `Version` int(11) NOT NULL DEFAULT '0',
  `ProfileTitle` varchar(255) DEFAULT NULL,
  `RegistrationTitle` varchar(255) DEFAULT NULL,
  `AfterRegistrationTitle` varchar(255) DEFAULT NULL,
  `ProfileContent` mediumtext,
  `RegistrationContent` mediumtext,
  `AfterRegistrationContent` mediumtext,
  `AllowRegistration` tinyint(1) UNSIGNED NOT NULL DEFAULT '0',
  `AllowProfileViewing` tinyint(1) UNSIGNED NOT NULL DEFAULT '0',
  `AllowProfileEditing` tinyint(1) UNSIGNED NOT NULL DEFAULT '0',
  `AllowAdding` tinyint(1) UNSIGNED NOT NULL DEFAULT '0',
  `RegistrationRedirect` tinyint(1) UNSIGNED NOT NULL DEFAULT '0',
  `RequireApproval` tinyint(1) UNSIGNED NOT NULL DEFAULT '0',
  `EmailType` enum('Validation','Confirmation','None') DEFAULT 'None',
  `EmailFrom` varchar(255) DEFAULT NULL,
  `EmailSubject` varchar(255) DEFAULT NULL,
  `EmailTemplate` mediumtext,
  `ConfirmationTitle` varchar(255) DEFAULT NULL,
  `ConfirmationContent` mediumtext,
  `PostRegistrationTargetID` int(11) NOT NULL DEFAULT '0'
) ENGINE=InnoDB DEFAULT CHARSET=utf8;

--
-- Dumping data for table `memberprofilepage_versions`
--

INSERT INTO `memberprofilepage_versions` (`ID`, `RecordID`, `Version`, `ProfileTitle`, `RegistrationTitle`, `AfterRegistrationTitle`, `ProfileContent`, `RegistrationContent`, `AfterRegistrationContent`, `AllowRegistration`, `AllowProfileViewing`, `AllowProfileEditing`, `AllowAdding`, `RegistrationRedirect`, `RequireApproval`, `EmailType`, `EmailFrom`, `EmailSubject`, `EmailTemplate`, `ConfirmationTitle`, `ConfirmationContent`, `PostRegistrationTargetID`) VALUES
(1, 6, 1, 'Edit Profile', 'Register / Log In', 'Registration Successful', NULL, NULL, '<p>Thank you for registering!</p>', 1, 0, 1, 0, 0, 0, 'None', NULL, NULL, NULL, 'Account Confirmed', '<p>Your account is now active, and you have been logged in. Thank you!</p>', 0),
(2, 6, 2, 'Edit Profile', 'Register / Log In', 'Registration Successful', NULL, NULL, '<p>Thank you for registering!</p>', 1, 0, 1, 0, 0, 0, 'None', NULL, '$SiteName Member Activation', '<p>\r\n	Dear $Member.Email,\r\n</p>\r\n\r\n<p>\r\n	Thank you for registering at $SiteName! In order to use your account you must first confirm your\r\n	email address by clicking on the link below. Until you do this you will not be able to log in.\r\n</p>\r\n\r\n<h3>Account Confirmation</h3>\r\n\r\n<p>\r\n	Please <a href=\"$ConfirmLink\">confirm your email</a>, or copy and paste the following URL into\r\n	your browser to confirm this is your real email address:\r\n</p>\r\n\r\n<pre>$ConfirmLink</pre>\r\n\r\n<p>\r\n	If you were not the person who signed up using this email address, please ignore this email. The\r\n	user account will not become active.\r\n</p>\r\n\r\n<h3>Log-In Details</h3>\r\n\r\n<p>\r\n	Once your account has been activated you will automatically be logged in. You can also log in\r\n	<a href=\"$LoginLink\">here</a>. If you have lost your password you can generate a new one\r\n	on the <a href=\"$LostPasswordLink\">lost password</a> page.\r\n</p>\r\n', 'Account Confirmed', '<p>Your account is now active, and you have been logged in. Thank you!</p>', 0),
(3, 6, 3, 'Edit Profile', 'Register / Log In', 'Registration Successful', NULL, NULL, '<p>Thank you for registering!</p>', 1, 0, 1, 0, 0, 0, 'None', NULL, '$SiteName Member Activation', '<p>\r\n	Dear $Member.Email,\r\n</p>\r\n\r\n<p>\r\n	Thank you for registering at $SiteName! In order to use your account you must first confirm your\r\n	email address by clicking on the link below. Until you do this you will not be able to log in.\r\n</p>\r\n\r\n<h3>Account Confirmation</h3>\r\n\r\n<p>\r\n	Please <a href=\"$ConfirmLink\">confirm your email</a>, or copy and paste the following URL into\r\n	your browser to confirm this is your real email address:\r\n</p>\r\n\r\n<pre>$ConfirmLink</pre>\r\n\r\n<p>\r\n	If you were not the person who signed up using this email address, please ignore this email. The\r\n	user account will not become active.\r\n</p>\r\n\r\n<h3>Log-In Details</h3>\r\n\r\n<p>\r\n	Once your account has been activated you will automatically be logged in. You can also log in\r\n	<a href=\"$LoginLink\">here</a>. If you have lost your password you can generate a new one\r\n	on the <a href=\"$LostPasswordLink\">lost password</a> page.\r\n</p>\r\n', 'Account Confirmed', '<p>Your account is now active, and you have been logged in. Thank you!</p>', 0),
(4, 6, 4, 'Edit Profile', 'Register / Log In', 'Registration Successful', NULL, NULL, '<p>Thank you for registering!</p>', 1, 0, 1, 0, 0, 0, 'None', NULL, '$SiteName Member Activation', '<p>\r\n	Dear $Member.Email,\r\n</p>\r\n\r\n<p>\r\n	Thank you for registering at $SiteName! In order to use your account you must first confirm your\r\n	email address by clicking on the link below. Until you do this you will not be able to log in.\r\n</p>\r\n\r\n<h3>Account Confirmation</h3>\r\n\r\n<p>\r\n	Please <a href=\"$ConfirmLink\">confirm your email</a>, or copy and paste the following URL into\r\n	your browser to confirm this is your real email address:\r\n</p>\r\n\r\n<pre>$ConfirmLink</pre>\r\n\r\n<p>\r\n	If you were not the person who signed up using this email address, please ignore this email. The\r\n	user account will not become active.\r\n</p>\r\n\r\n<h3>Log-In Details</h3>\r\n\r\n<p>\r\n	Once your account has been activated you will automatically be logged in. You can also log in\r\n	<a href=\"$LoginLink\">here</a>. If you have lost your password you can generate a new one\r\n	on the <a href=\"$LostPasswordLink\">lost password</a> page.\r\n</p>\r\n', 'Account Confirmed', '<p>Your account is now active, and you have been logged in. Thank you!</p>', 0),
(5, 6, 5, 'Edit Profile', 'Register / Log In', 'Registration Successful', NULL, NULL, '<p>Thank you for registering!</p>', 1, 0, 1, 0, 0, 0, 'None', NULL, '$SiteName Member Activation', '<p>\r\n	Dear $Member.Email,\r\n</p>\r\n\r\n<p>\r\n	Thank you for registering at $SiteName! In order to use your account you must first confirm your\r\n	email address by clicking on the link below. Until you do this you will not be able to log in.\r\n</p>\r\n\r\n<h3>Account Confirmation</h3>\r\n\r\n<p>\r\n	Please <a href=\"$ConfirmLink\">confirm your email</a>, or copy and paste the following URL into\r\n	your browser to confirm this is your real email address:\r\n</p>\r\n\r\n<pre>$ConfirmLink</pre>\r\n\r\n<p>\r\n	If you were not the person who signed up using this email address, please ignore this email. The\r\n	user account will not become active.\r\n</p>\r\n\r\n<h3>Log-In Details</h3>\r\n\r\n<p>\r\n	Once your account has been activated you will automatically be logged in. You can also log in\r\n	<a href=\"$LoginLink\">here</a>. If you have lost your password you can generate a new one\r\n	on the <a href=\"$LostPasswordLink\">lost password</a> page.\r\n</p>\r\n', 'Account Confirmed', '<p>Your account is now active, and you have been logged in. Thank you!</p>', 0),
(6, 6, 6, 'Profil bearbeiten', 'Register / Log In', 'Anmeldung erfolgreich.', '<p>Dies ist die \"Profil bearbeiten\" Seite</p>', NULL, '<p>Danke für die Anmeldung!</p>', 1, 0, 1, 0, 0, 0, 'None', NULL, '$SiteName Member Activation', '<p>\r\n	Dear $Member.Email,\r\n</p>\r\n\r\n<p>\r\n	Thank you for registering at $SiteName! In order to use your account you must first confirm your\r\n	email address by clicking on the link below. Until you do this you will not be able to log in.\r\n</p>\r\n\r\n<h3>Account Confirmation</h3>\r\n\r\n<p>\r\n	Please <a href=\"$ConfirmLink\">confirm your email</a>, or copy and paste the following URL into\r\n	your browser to confirm this is your real email address:\r\n</p>\r\n\r\n<pre>$ConfirmLink</pre>\r\n\r\n<p>\r\n	If you were not the person who signed up using this email address, please ignore this email. The\r\n	user account will not become active.\r\n</p>\r\n\r\n<h3>Log-In Details</h3>\r\n\r\n<p>\r\n	Once your account has been activated you will automatically be logged in. You can also log in\r\n	<a href=\"$LoginLink\">here</a>. If you have lost your password you can generate a new one\r\n	on the <a href=\"$LostPasswordLink\">lost password</a> page.\r\n</p>\r\n', 'Account Confirmed', '<p>Your account is now active, and you have been logged in. Thank you!</p>', 0),
(7, 6, 7, 'Profil bearbeiten', 'Register / Log In', 'Anmeldung erfolgreich.', '<p>Dies ist die \"Profil bearbeiten\" Seite</p>', NULL, '<p>Danke für die Anmeldung!</p>', 1, 0, 1, 0, 0, 0, 'Validation', 'office@streunerkatzen.org', 'Kontoaktivierung $SiteName', '<p>\r\n	Liebe/r $Member.FirstName,\r\n</p>\r\n\r\n<p>\r\n	Danke für Deine Anmeldung bei $SiteName! Um dein Konto benutzen zu können, bitte aktiviere vorher deine Emailadresse, indem Du den folgenden Link anklickst. Vorher ist es Dir nicht möglich, Katzenanzeigen zu erstellen.\r\n</p>\r\n\r\n<h3>Kontoaktivierung</h3>\r\n\r\n<p>\r\n	Bitte <a href=\"$ConfirmLink\">aktiviere Deine Emailadresse</a>, oder öffne den folgenden Link in Deinem Browser:\r\n</p>\r\n\r\n<pre>$ConfirmLink</pre>\r\n\r\n<p>\r\n	Wenn Du nicht die Person bist, die sich mit dieser Emailadresse registriert hat, bitte ignoriere diese Email. Das entsprechende Nutzerkonto wird nicht aktiviert.\r\n</p>\r\n\r\n<h3>Log-In Details</h3>\r\n\r\n<p>\r\n	Sobald Dein Konto aktiviert wurde wirst Du automatisch eingeloggt. Du kannst Dich außerdem mit einem Klick auf der <a href=\"$LoginLink\">Login-Seite</a> einloggen. Solltest Du Dein Passwort vergessen haben, kannst Du auf der <a href=\"$LostPasswordLink\">Passwort verloren-Seite</a> ein neues anfordern.\r\n</p>\r\n', 'Konto aktiviert', '<p>Dein Konto ist nun aktiv, und Du wurdest eingeloggt. Vielen Dank!</p>', 0),
(8, 6, 8, 'Profil bearbeiten', 'Register / Log In', 'Anmeldung erfolgreich.', '<p>Dies ist die \"Profil bearbeiten\" Seite</p>', NULL, '<p>Danke für die Anmeldung!</p>', 1, 0, 1, 0, 0, 0, 'Validation', 'office@streunerkatzen.org', 'Kontoaktivierung $SiteName', '<p>\r\n	Liebe/r $Member.FirstName,\r\n</p>\r\n\r\n<p>\r\n	Danke für Deine Anmeldung bei $SiteName! Um dein Konto benutzen zu können, bitte aktiviere vorher deine Emailadresse, indem Du den folgenden Link anklickst. Vorher ist es Dir nicht möglich, Katzenanzeigen zu erstellen.\r\n</p>\r\n\r\n<h3>Kontoaktivierung</h3>\r\n\r\n<p>\r\n	Bitte <a href=\"$ConfirmLink\">aktiviere Deine Emailadresse</a>, oder öffne den folgenden Link in Deinem Browser:\r\n</p>\r\n\r\n<pre>$ConfirmLink</pre>\r\n\r\n<p>\r\n	Wenn Du nicht die Person bist, die sich mit dieser Emailadresse registriert hat, bitte ignoriere diese Email. Das entsprechende Nutzerkonto wird nicht aktiviert.\r\n</p>\r\n\r\n<h3>Log-In Details</h3>\r\n\r\n<p>\r\n	Sobald Dein Konto aktiviert wurde wirst Du automatisch eingeloggt. Du kannst Dich außerdem mit einem Klick auf der <a href=\"$LoginLink\">Login-Seite</a> einloggen. Solltest Du Dein Passwort vergessen haben, kannst Du auf der <a href=\"$LostPasswordLink\">Passwort verloren-Seite</a> ein neues anfordern.\r\n</p>\r\n', 'Konto aktiviert', '<p>Dein Konto ist nun aktiv, und Du wurdest eingeloggt. Vielen Dank!</p>', 0);

-- --------------------------------------------------------

--
-- Table structure for table `memberprofilesection`
--

CREATE TABLE `memberprofilesection` (
  `ID` int(11) NOT NULL,
  `ClassName` enum('Symbiote\\MemberProfiles\\Model\\MemberProfileSection','Symbiote\\MemberProfiles\\Model\\MemberProfileFieldsSection') DEFAULT 'Symbiote\\MemberProfiles\\Model\\MemberProfileSection',
  `LastEdited` datetime DEFAULT NULL,
  `Created` datetime DEFAULT NULL,
  `Version` int(11) NOT NULL DEFAULT '0',
  `CustomTitle` varchar(100) DEFAULT NULL,
  `ParentID` int(11) NOT NULL DEFAULT '0'
) ENGINE=InnoDB DEFAULT CHARSET=utf8;

--
-- Dumping data for table `memberprofilesection`
--

INSERT INTO `memberprofilesection` (`ID`, `ClassName`, `LastEdited`, `Created`, `Version`, `CustomTitle`, `ParentID`) VALUES
(1, 'Symbiote\\MemberProfiles\\Model\\MemberProfileFieldsSection', '2019-01-14 21:24:49', '2019-01-14 20:35:50', 2, NULL, 6);

-- --------------------------------------------------------

--
-- Table structure for table `memberprofilesection_live`
--

CREATE TABLE `memberprofilesection_live` (
  `ID` int(11) NOT NULL,
  `ClassName` enum('Symbiote\\MemberProfiles\\Model\\MemberProfileSection','Symbiote\\MemberProfiles\\Model\\MemberProfileFieldsSection') DEFAULT 'Symbiote\\MemberProfiles\\Model\\MemberProfileSection',
  `LastEdited` datetime DEFAULT NULL,
  `Created` datetime DEFAULT NULL,
  `Version` int(11) NOT NULL DEFAULT '0',
  `CustomTitle` varchar(100) DEFAULT NULL,
  `ParentID` int(11) NOT NULL DEFAULT '0'
) ENGINE=InnoDB DEFAULT CHARSET=utf8;

--
-- Dumping data for table `memberprofilesection_live`
--

INSERT INTO `memberprofilesection_live` (`ID`, `ClassName`, `LastEdited`, `Created`, `Version`, `CustomTitle`, `ParentID`) VALUES
(1, 'Symbiote\\MemberProfiles\\Model\\MemberProfileFieldsSection', '2019-01-14 21:24:49', '2019-01-14 20:35:50', 2, NULL, 6);

-- --------------------------------------------------------

--
-- Table structure for table `memberprofilesection_versions`
--

CREATE TABLE `memberprofilesection_versions` (
  `ID` int(11) NOT NULL,
  `RecordID` int(11) NOT NULL DEFAULT '0',
  `Version` int(11) NOT NULL DEFAULT '0',
  `WasPublished` tinyint(1) UNSIGNED NOT NULL DEFAULT '0',
  `WasDeleted` tinyint(1) UNSIGNED NOT NULL DEFAULT '0',
  `WasDraft` tinyint(1) UNSIGNED NOT NULL DEFAULT '0',
  `AuthorID` int(11) NOT NULL DEFAULT '0',
  `PublisherID` int(11) NOT NULL DEFAULT '0',
  `ClassName` enum('Symbiote\\MemberProfiles\\Model\\MemberProfileSection','Symbiote\\MemberProfiles\\Model\\MemberProfileFieldsSection') DEFAULT 'Symbiote\\MemberProfiles\\Model\\MemberProfileSection',
  `LastEdited` datetime DEFAULT NULL,
  `Created` datetime DEFAULT NULL,
  `CustomTitle` varchar(100) DEFAULT NULL,
  `ParentID` int(11) NOT NULL DEFAULT '0'
) ENGINE=InnoDB DEFAULT CHARSET=utf8;

--
-- Dumping data for table `memberprofilesection_versions`
--

INSERT INTO `memberprofilesection_versions` (`ID`, `RecordID`, `Version`, `WasPublished`, `WasDeleted`, `WasDraft`, `AuthorID`, `PublisherID`, `ClassName`, `LastEdited`, `Created`, `CustomTitle`, `ParentID`) VALUES
(1, 1, 1, 0, 0, 1, 1, 0, 'Symbiote\\MemberProfiles\\Model\\MemberProfileFieldsSection', '2019-01-14 20:35:50', '2019-01-14 20:35:50', NULL, 6),
(2, 1, 2, 1, 0, 1, 1, 1, 'Symbiote\\MemberProfiles\\Model\\MemberProfileFieldsSection', '2019-01-14 21:24:49', '2019-01-14 20:35:50', NULL, 6);

-- --------------------------------------------------------

--
-- Table structure for table `permission`
--

CREATE TABLE `permission` (
  `ID` int(11) NOT NULL,
  `ClassName` enum('SilverStripe\\Security\\Permission') DEFAULT 'SilverStripe\\Security\\Permission',
  `LastEdited` datetime DEFAULT NULL,
  `Created` datetime DEFAULT NULL,
  `Code` varchar(255) DEFAULT NULL,
  `Arg` int(11) NOT NULL DEFAULT '0',
  `Type` int(11) NOT NULL DEFAULT '1',
  `GroupID` int(11) NOT NULL DEFAULT '0'
) ENGINE=InnoDB DEFAULT CHARSET=utf8;

--
-- Dumping data for table `permission`
--

INSERT INTO `permission` (`ID`, `ClassName`, `LastEdited`, `Created`, `Code`, `Arg`, `Type`, `GroupID`) VALUES
(1, 'SilverStripe\\Security\\Permission', '2018-09-09 11:33:07', '2018-09-09 11:33:07', 'CMS_ACCESS_CMSMain', 0, 1, 1),
(2, 'SilverStripe\\Security\\Permission', '2018-09-09 11:33:07', '2018-09-09 11:33:07', 'CMS_ACCESS_AssetAdmin', 0, 1, 1),
(3, 'SilverStripe\\Security\\Permission', '2018-09-09 11:33:07', '2018-09-09 11:33:07', 'CMS_ACCESS_ReportAdmin', 0, 1, 1),
(4, 'SilverStripe\\Security\\Permission', '2018-09-09 11:33:07', '2018-09-09 11:33:07', 'SITETREE_REORGANISE', 0, 1, 1),
(5, 'SilverStripe\\Security\\Permission', '2018-09-09 11:33:07', '2018-09-09 11:33:07', 'ADMIN', 0, 1, 2);

-- --------------------------------------------------------

--
-- Table structure for table `permissionrole`
--

CREATE TABLE `permissionrole` (
  `ID` int(11) NOT NULL,
  `ClassName` enum('SilverStripe\\Security\\PermissionRole') DEFAULT 'SilverStripe\\Security\\PermissionRole',
  `LastEdited` datetime DEFAULT NULL,
  `Created` datetime DEFAULT NULL,
  `Title` varchar(255) DEFAULT NULL,
  `OnlyAdminCanApply` tinyint(1) UNSIGNED NOT NULL DEFAULT '0'
) ENGINE=InnoDB DEFAULT CHARSET=utf8;

-- --------------------------------------------------------

--
-- Table structure for table `permissionrolecode`
--

CREATE TABLE `permissionrolecode` (
  `ID` int(11) NOT NULL,
  `ClassName` enum('SilverStripe\\Security\\PermissionRoleCode') DEFAULT 'SilverStripe\\Security\\PermissionRoleCode',
  `LastEdited` datetime DEFAULT NULL,
  `Created` datetime DEFAULT NULL,
  `Code` varchar(255) DEFAULT NULL,
  `RoleID` int(11) NOT NULL DEFAULT '0'
) ENGINE=InnoDB DEFAULT CHARSET=utf8;

-- --------------------------------------------------------

--
-- Table structure for table `redirectorpage`
--

CREATE TABLE `redirectorpage` (
  `ID` int(11) NOT NULL,
  `RedirectionType` enum('Internal','External') DEFAULT 'Internal',
  `ExternalURL` varchar(2083) DEFAULT NULL,
  `LinkToID` int(11) NOT NULL DEFAULT '0'
) ENGINE=InnoDB DEFAULT CHARSET=utf8;

-- --------------------------------------------------------

--
-- Table structure for table `redirectorpage_live`
--

CREATE TABLE `redirectorpage_live` (
  `ID` int(11) NOT NULL,
  `RedirectionType` enum('Internal','External') DEFAULT 'Internal',
  `ExternalURL` varchar(2083) DEFAULT NULL,
  `LinkToID` int(11) NOT NULL DEFAULT '0'
) ENGINE=InnoDB DEFAULT CHARSET=utf8;

-- --------------------------------------------------------

--
-- Table structure for table `redirectorpage_versions`
--

CREATE TABLE `redirectorpage_versions` (
  `ID` int(11) NOT NULL,
  `RecordID` int(11) NOT NULL DEFAULT '0',
  `Version` int(11) NOT NULL DEFAULT '0',
  `RedirectionType` enum('Internal','External') DEFAULT 'Internal',
  `ExternalURL` varchar(2083) DEFAULT NULL,
  `LinkToID` int(11) NOT NULL DEFAULT '0'
) ENGINE=InnoDB DEFAULT CHARSET=utf8;

-- --------------------------------------------------------

--
-- Table structure for table `rememberloginhash`
--

CREATE TABLE `rememberloginhash` (
  `ID` int(11) NOT NULL,
  `ClassName` enum('SilverStripe\\Security\\RememberLoginHash') DEFAULT 'SilverStripe\\Security\\RememberLoginHash',
  `LastEdited` datetime DEFAULT NULL,
  `Created` datetime DEFAULT NULL,
  `DeviceID` varchar(40) DEFAULT NULL,
  `Hash` varchar(160) DEFAULT NULL,
  `ExpiryDate` datetime DEFAULT NULL,
  `MemberID` int(11) NOT NULL DEFAULT '0'
) ENGINE=InnoDB DEFAULT CHARSET=utf8;

--
-- Dumping data for table `rememberloginhash`
--

INSERT INTO `rememberloginhash` (`ID`, `ClassName`, `LastEdited`, `Created`, `DeviceID`, `Hash`, `ExpiryDate`, `MemberID`) VALUES
(3, 'SilverStripe\\Security\\RememberLoginHash', '2019-01-14 20:31:03', '2019-01-14 20:31:03', 'c600c542b81d0959c93f872435600c9917bb3f4b', '$2y$10$696a5429ae50f3314602buBASOZMzErtJm3xIK9I3IK7UDrf0IYfW', '2019-04-14 20:31:03', 1);

-- --------------------------------------------------------

--
-- Table structure for table `siteconfig`
--

CREATE TABLE `siteconfig` (
  `ID` int(11) NOT NULL,
  `ClassName` enum('SilverStripe\\SiteConfig\\SiteConfig') DEFAULT 'SilverStripe\\SiteConfig\\SiteConfig',
  `LastEdited` datetime DEFAULT NULL,
  `Created` datetime DEFAULT NULL,
  `Title` varchar(255) DEFAULT NULL,
  `Tagline` varchar(255) DEFAULT NULL,
  `CanViewType` enum('Anyone','LoggedInUsers','OnlyTheseUsers') DEFAULT 'Anyone',
  `CanEditType` enum('LoggedInUsers','OnlyTheseUsers') DEFAULT 'LoggedInUsers',
  `CanCreateTopLevelType` enum('LoggedInUsers','OnlyTheseUsers') DEFAULT 'LoggedInUsers'
) ENGINE=InnoDB DEFAULT CHARSET=utf8;

--
-- Dumping data for table `siteconfig`
--

INSERT INTO `siteconfig` (`ID`, `ClassName`, `LastEdited`, `Created`, `Title`, `Tagline`, `CanViewType`, `CanEditType`, `CanCreateTopLevelType`) VALUES
(1, 'SilverStripe\\SiteConfig\\SiteConfig', '2018-09-09 11:33:07', '2018-09-09 11:33:07', 'Deine Webseite', 'Dein Slogan', 'Anyone', 'LoggedInUsers', 'LoggedInUsers');

-- --------------------------------------------------------

--
-- Table structure for table `siteconfig_createtoplevelgroups`
--

CREATE TABLE `siteconfig_createtoplevelgroups` (
  `ID` int(11) NOT NULL,
  `SiteConfigID` int(11) NOT NULL DEFAULT '0',
  `GroupID` int(11) NOT NULL DEFAULT '0'
) ENGINE=InnoDB DEFAULT CHARSET=utf8;

-- --------------------------------------------------------

--
-- Table structure for table `siteconfig_editorgroups`
--

CREATE TABLE `siteconfig_editorgroups` (
  `ID` int(11) NOT NULL,
  `SiteConfigID` int(11) NOT NULL DEFAULT '0',
  `GroupID` int(11) NOT NULL DEFAULT '0'
) ENGINE=InnoDB DEFAULT CHARSET=utf8;

-- --------------------------------------------------------

--
-- Table structure for table `siteconfig_viewergroups`
--

CREATE TABLE `siteconfig_viewergroups` (
  `ID` int(11) NOT NULL,
  `SiteConfigID` int(11) NOT NULL DEFAULT '0',
  `GroupID` int(11) NOT NULL DEFAULT '0'
) ENGINE=InnoDB DEFAULT CHARSET=utf8;

-- --------------------------------------------------------

--
-- Table structure for table `sitetree`
--

CREATE TABLE `sitetree` (
  `ID` int(11) NOT NULL,
  `ClassName` enum('SilverStripe\\CMS\\Model\\SiteTree','Page','SilverStripe\\ErrorPage\\ErrorPage','SilverStripe\\CMS\\Model\\RedirectorPage','SilverStripe\\CMS\\Model\\VirtualPage','Symbiote\\MemberProfiles\\Pages\\MemberProfilePage') DEFAULT 'Page',
  `LastEdited` datetime DEFAULT NULL,
  `Created` datetime DEFAULT NULL,
  `CanViewType` enum('Anyone','LoggedInUsers','OnlyTheseUsers','Inherit') DEFAULT 'Inherit',
  `CanEditType` enum('LoggedInUsers','OnlyTheseUsers','Inherit') DEFAULT 'Inherit',
  `Version` int(11) NOT NULL DEFAULT '0',
  `URLSegment` varchar(255) DEFAULT NULL,
  `Title` varchar(255) DEFAULT NULL,
  `MenuTitle` varchar(100) DEFAULT NULL,
  `Content` mediumtext,
  `MetaDescription` mediumtext,
  `ExtraMeta` mediumtext,
  `ShowInMenus` tinyint(1) UNSIGNED NOT NULL DEFAULT '0',
  `ShowInSearch` tinyint(1) UNSIGNED NOT NULL DEFAULT '0',
  `Sort` int(11) NOT NULL DEFAULT '0',
  `HasBrokenFile` tinyint(1) UNSIGNED NOT NULL DEFAULT '0',
  `HasBrokenLink` tinyint(1) UNSIGNED NOT NULL DEFAULT '0',
  `ReportClass` varchar(255) DEFAULT NULL,
  `ParentID` int(11) NOT NULL DEFAULT '0'
) ENGINE=InnoDB DEFAULT CHARSET=utf8;

--
-- Dumping data for table `sitetree`
--

INSERT INTO `sitetree` (`ID`, `ClassName`, `LastEdited`, `Created`, `CanViewType`, `CanEditType`, `Version`, `URLSegment`, `Title`, `MenuTitle`, `Content`, `MetaDescription`, `ExtraMeta`, `ShowInMenus`, `ShowInSearch`, `Sort`, `HasBrokenFile`, `HasBrokenLink`, `ReportClass`, `ParentID`) VALUES
(1, 'Page', '2018-09-09 11:33:07', '2018-09-09 11:33:07', 'Inherit', 'Inherit', 2, 'home', 'Startseite', NULL, '<p>Willkommen bei SilverStripe! Sie sehen hier die standard Homepage. Diese können Sie im <a href=\"admin/\">CMS</a> bearbeiten.</p><p>Sie können auch die englische  <a href=\"http://docs.silverstripe.org\">Dokumentation für Entwickler</a> lesen oder mit den <a href=\"http://www.silverstripe.org/learn/lessons\">SilverStripe lessons</a> lernen, wie Sie das CMS an Ihre Bedürfnisse anpassen.</p>', NULL, NULL, 1, 1, 1, 0, 0, NULL, 0),
(2, 'Page', '2018-09-09 11:33:07', '2018-09-09 11:33:07', 'Inherit', 'Inherit', 2, 'ueber-uns', 'Über uns', NULL, '<p>You can fill this page out with your own content, or delete it and create your own pages.</p>', NULL, NULL, 1, 1, 2, 0, 0, NULL, 0),
(3, 'Page', '2018-09-09 11:33:07', '2018-09-09 11:33:07', 'Inherit', 'Inherit', 2, 'kontakt', 'Kontakt', NULL, '<p>You can fill this page out with your own content, or delete it and create your own pages.</p>', NULL, NULL, 1, 1, 3, 0, 0, NULL, 0),
(4, 'SilverStripe\\ErrorPage\\ErrorPage', '2018-09-09 11:33:07', '2018-09-09 11:33:07', 'Inherit', 'Inherit', 2, 'seite-nicht-gefunden', 'Seite nicht gefunden', NULL, '<p>Entschuldigung, möglicherweise versuchen Sie eine Seite zu erreichen die nicht existiert.</p><p>Bitte überprüfen Sie die Schreibweise der URL die Sie versucht haben zu erreichen und versuchen Sie es noch einmal.</p>', NULL, NULL, 0, 0, 4, 0, 0, NULL, 0),
(5, 'SilverStripe\\ErrorPage\\ErrorPage', '2018-09-09 11:33:07', '2018-09-09 11:33:07', 'Inherit', 'Inherit', 2, 'serverfehler', 'Serverfehler', NULL, '<p>Entschuldigung, bei der Bearbeitung ihrer Anfrage ist ein Problem aufgetreten.</p>', NULL, NULL, 0, 0, 5, 0, 0, NULL, 0),
(6, 'Symbiote\\MemberProfiles\\Pages\\MemberProfilePage', '2019-01-16 20:09:58', '2019-01-14 20:35:50', 'Inherit', 'Inherit', 8, 'profil', 'Profil', NULL, NULL, NULL, NULL, 1, 1, 6, 0, 0, NULL, 0),
(7, 'Page', '2019-01-16 20:15:48', '2019-01-16 20:12:53', 'Inherit', 'Inherit', 2, 'verein', 'Verein', NULL, '<h2>Über uns</h2><p>Der Verein \"Streunerkatzen OÖ - Verein zum Schutz verwilderter Katzen\" wurde am 17.08.2006 gegründet.</p><p>Streunerkatzen sind für viele Menschen wie Ratten oder Tauben, sprich Ungeziefer und somit nicht erwünscht. Die meisten Katzen jedoch stammen vorwiegend von Bauernhöfen oder ausgesetzten, unkastrierten Katzen ab.<br>Man findet sie überall: im ländlichen Bereich genauso wie mitten in den Städten.</p><p>Leider geht es den meisten verwilderten Katzen nicht gut. Sie leben unter den widrigsten Bedingungen und müssen sich im kalten Winter durchschlagen. Neben natürlichen Feinden wie Marder, Hunde, etc.. kommen natürlich auch noch die Menschen, die die Katzen entweder \"nur\" verjagen, misshandeln oder gar töten.</p><p>Das Hauptziel des Vereines ist es diesen Katzen zu helfen. Wir klären über die Entstehung dieser wilden Katzenpopulation auf. Es werden Einfang- und Kastrationsaktionen durchgeführt, Futterstellen eingerichtet und den Katzen Unterschlupfmöglichkeiten bereitgestellt. Unter diesen Bedingungen (Kastration, regelmässiges Futter und trockener und im Winter vor allem warmer Unterschlupf) führen diese Katzen ein relativ glückliches Leben.</p><p>Natürlich genügt es nicht nur die bereits draussen lebenden Streuner zu kastrieren sondern auch die Menschen davon zu überzeugen auch ihre zutraulichen \"Haus\"katzen zu kastrieren. Wie oft kommt es vor, dass eine Katze, die Besitzer hat, sich in einen Schuppen zurückzieht und dort ihre Babies bekommt und diese aufzieht. Die Kleinen sind Menschen nicht gewohnt und folgen zum Teil gar nicht der Mutter ins \"warme\" zu Hause, sondern gehen bald ihre eigenen Wege und pflanzen sich wiederum fort.</p><p><strong>Jeder, der seine unkastrierte Katze draussen frei herumlaufen lässt, trägt zur Entstehung oder Vergrößerung der verwilderten Katzenpopulationen bei!</strong></p><h2>Team</h2><p>teamfotos und so...</p><h2>Statistik</h2><p>ganz viele zahlen...</p>', NULL, NULL, 1, 1, 7, 0, 0, NULL, 0);

-- --------------------------------------------------------

--
-- Table structure for table `sitetreelink`
--

CREATE TABLE `sitetreelink` (
  `ID` int(11) NOT NULL,
  `ClassName` enum('SilverStripe\\CMS\\Model\\SiteTreeLink') DEFAULT 'SilverStripe\\CMS\\Model\\SiteTreeLink',
  `LastEdited` datetime DEFAULT NULL,
  `Created` datetime DEFAULT NULL,
  `LinkedID` int(11) NOT NULL DEFAULT '0',
  `ParentID` int(11) NOT NULL DEFAULT '0',
  `ParentClass` enum('Streunerkatzen\\Cat','Streunerkatzen\\HairColor','Streunerkatzen\\HairLength','Streunerkatzen\\LostFoundStatus','Streunerkatzen\\LostFoundTime','SilverStripe\\Assets\\File','SilverStripe\\SiteConfig\\SiteConfig','SilverStripe\\Versioned\\ChangeSet','SilverStripe\\Versioned\\ChangeSetItem','SilverStripe\\Assets\\Shortcodes\\FileLink','SilverStripe\\CMS\\Model\\SiteTree','SilverStripe\\CMS\\Model\\SiteTreeLink','SilverStripe\\Security\\Group','SilverStripe\\Security\\LoginAttempt','SilverStripe\\Security\\Member','SilverStripe\\Security\\MemberPassword','SilverStripe\\Security\\Permission','SilverStripe\\Security\\PermissionRole','SilverStripe\\Security\\PermissionRoleCode','SilverStripe\\Security\\RememberLoginHash','Symbiote\\MemberProfiles\\Model\\MemberProfileField','Symbiote\\MemberProfiles\\Model\\MemberProfileSection','SilverStripe\\Assets\\Folder','SilverStripe\\Assets\\Image','Page','SilverStripe\\ErrorPage\\ErrorPage','SilverStripe\\CMS\\Model\\RedirectorPage','SilverStripe\\CMS\\Model\\VirtualPage','Symbiote\\MemberProfiles\\Pages\\MemberProfilePage','Symbiote\\MemberProfiles\\Model\\MemberProfileFieldsSection') DEFAULT 'Streunerkatzen\\Cat'
) ENGINE=InnoDB DEFAULT CHARSET=utf8;

-- --------------------------------------------------------

--
-- Table structure for table `sitetree_editorgroups`
--

CREATE TABLE `sitetree_editorgroups` (
  `ID` int(11) NOT NULL,
  `SiteTreeID` int(11) NOT NULL DEFAULT '0',
  `GroupID` int(11) NOT NULL DEFAULT '0'
) ENGINE=InnoDB DEFAULT CHARSET=utf8;

-- --------------------------------------------------------

--
-- Table structure for table `sitetree_live`
--

CREATE TABLE `sitetree_live` (
  `ID` int(11) NOT NULL,
  `ClassName` enum('SilverStripe\\CMS\\Model\\SiteTree','Page','SilverStripe\\ErrorPage\\ErrorPage','SilverStripe\\CMS\\Model\\RedirectorPage','SilverStripe\\CMS\\Model\\VirtualPage','Symbiote\\MemberProfiles\\Pages\\MemberProfilePage') DEFAULT 'Page',
  `LastEdited` datetime DEFAULT NULL,
  `Created` datetime DEFAULT NULL,
  `CanViewType` enum('Anyone','LoggedInUsers','OnlyTheseUsers','Inherit') DEFAULT 'Inherit',
  `CanEditType` enum('LoggedInUsers','OnlyTheseUsers','Inherit') DEFAULT 'Inherit',
  `Version` int(11) NOT NULL DEFAULT '0',
  `URLSegment` varchar(255) DEFAULT NULL,
  `Title` varchar(255) DEFAULT NULL,
  `MenuTitle` varchar(100) DEFAULT NULL,
  `Content` mediumtext,
  `MetaDescription` mediumtext,
  `ExtraMeta` mediumtext,
  `ShowInMenus` tinyint(1) UNSIGNED NOT NULL DEFAULT '0',
  `ShowInSearch` tinyint(1) UNSIGNED NOT NULL DEFAULT '0',
  `Sort` int(11) NOT NULL DEFAULT '0',
  `HasBrokenFile` tinyint(1) UNSIGNED NOT NULL DEFAULT '0',
  `HasBrokenLink` tinyint(1) UNSIGNED NOT NULL DEFAULT '0',
  `ReportClass` varchar(255) DEFAULT NULL,
  `ParentID` int(11) NOT NULL DEFAULT '0'
) ENGINE=InnoDB DEFAULT CHARSET=utf8;

--
-- Dumping data for table `sitetree_live`
--

INSERT INTO `sitetree_live` (`ID`, `ClassName`, `LastEdited`, `Created`, `CanViewType`, `CanEditType`, `Version`, `URLSegment`, `Title`, `MenuTitle`, `Content`, `MetaDescription`, `ExtraMeta`, `ShowInMenus`, `ShowInSearch`, `Sort`, `HasBrokenFile`, `HasBrokenLink`, `ReportClass`, `ParentID`) VALUES
(1, 'Page', '2018-09-09 11:33:07', '2018-09-09 11:33:07', 'Inherit', 'Inherit', 2, 'home', 'Startseite', NULL, '<p>Willkommen bei SilverStripe! Sie sehen hier die standard Homepage. Diese können Sie im <a href=\"admin/\">CMS</a> bearbeiten.</p><p>Sie können auch die englische  <a href=\"http://docs.silverstripe.org\">Dokumentation für Entwickler</a> lesen oder mit den <a href=\"http://www.silverstripe.org/learn/lessons\">SilverStripe lessons</a> lernen, wie Sie das CMS an Ihre Bedürfnisse anpassen.</p>', NULL, NULL, 1, 1, 1, 0, 0, NULL, 0),
(2, 'Page', '2018-09-09 11:33:07', '2018-09-09 11:33:07', 'Inherit', 'Inherit', 2, 'ueber-uns', 'Über uns', NULL, '<p>You can fill this page out with your own content, or delete it and create your own pages.</p>', NULL, NULL, 1, 1, 2, 0, 0, NULL, 0),
(3, 'Page', '2018-09-09 11:33:07', '2018-09-09 11:33:07', 'Inherit', 'Inherit', 2, 'kontakt', 'Kontakt', NULL, '<p>You can fill this page out with your own content, or delete it and create your own pages.</p>', NULL, NULL, 1, 1, 3, 0, 0, NULL, 0),
(4, 'SilverStripe\\ErrorPage\\ErrorPage', '2018-09-09 11:33:07', '2018-09-09 11:33:07', 'Inherit', 'Inherit', 2, 'seite-nicht-gefunden', 'Seite nicht gefunden', NULL, '<p>Entschuldigung, möglicherweise versuchen Sie eine Seite zu erreichen die nicht existiert.</p><p>Bitte überprüfen Sie die Schreibweise der URL die Sie versucht haben zu erreichen und versuchen Sie es noch einmal.</p>', NULL, NULL, 0, 0, 4, 0, 0, NULL, 0),
(5, 'SilverStripe\\ErrorPage\\ErrorPage', '2018-09-09 11:33:07', '2018-09-09 11:33:07', 'Inherit', 'Inherit', 2, 'serverfehler', 'Serverfehler', NULL, '<p>Entschuldigung, bei der Bearbeitung ihrer Anfrage ist ein Problem aufgetreten.</p>', NULL, NULL, 0, 0, 5, 0, 0, NULL, 0),
(6, 'Symbiote\\MemberProfiles\\Pages\\MemberProfilePage', '2019-01-16 20:09:58', '2019-01-14 20:35:50', 'Inherit', 'Inherit', 8, 'profil', 'Profil', NULL, NULL, NULL, NULL, 1, 1, 6, 0, 0, NULL, 0);

-- --------------------------------------------------------

--
-- Table structure for table `sitetree_versions`
--

CREATE TABLE `sitetree_versions` (
  `ID` int(11) NOT NULL,
  `RecordID` int(11) NOT NULL DEFAULT '0',
  `Version` int(11) NOT NULL DEFAULT '0',
  `WasPublished` tinyint(1) UNSIGNED NOT NULL DEFAULT '0',
  `WasDeleted` tinyint(1) UNSIGNED NOT NULL DEFAULT '0',
  `WasDraft` tinyint(1) UNSIGNED NOT NULL DEFAULT '0',
  `AuthorID` int(11) NOT NULL DEFAULT '0',
  `PublisherID` int(11) NOT NULL DEFAULT '0',
  `ClassName` enum('SilverStripe\\CMS\\Model\\SiteTree','Page','SilverStripe\\ErrorPage\\ErrorPage','SilverStripe\\CMS\\Model\\RedirectorPage','SilverStripe\\CMS\\Model\\VirtualPage','Symbiote\\MemberProfiles\\Pages\\MemberProfilePage') DEFAULT 'Page',
  `LastEdited` datetime DEFAULT NULL,
  `Created` datetime DEFAULT NULL,
  `CanViewType` enum('Anyone','LoggedInUsers','OnlyTheseUsers','Inherit') DEFAULT 'Inherit',
  `CanEditType` enum('LoggedInUsers','OnlyTheseUsers','Inherit') DEFAULT 'Inherit',
  `URLSegment` varchar(255) DEFAULT NULL,
  `Title` varchar(255) DEFAULT NULL,
  `MenuTitle` varchar(100) DEFAULT NULL,
  `Content` mediumtext,
  `MetaDescription` mediumtext,
  `ExtraMeta` mediumtext,
  `ShowInMenus` tinyint(1) UNSIGNED NOT NULL DEFAULT '0',
  `ShowInSearch` tinyint(1) UNSIGNED NOT NULL DEFAULT '0',
  `Sort` int(11) NOT NULL DEFAULT '0',
  `HasBrokenFile` tinyint(1) UNSIGNED NOT NULL DEFAULT '0',
  `HasBrokenLink` tinyint(1) UNSIGNED NOT NULL DEFAULT '0',
  `ReportClass` varchar(255) DEFAULT NULL,
  `ParentID` int(11) NOT NULL DEFAULT '0'
) ENGINE=InnoDB DEFAULT CHARSET=utf8;

--
-- Dumping data for table `sitetree_versions`
--

INSERT INTO `sitetree_versions` (`ID`, `RecordID`, `Version`, `WasPublished`, `WasDeleted`, `WasDraft`, `AuthorID`, `PublisherID`, `ClassName`, `LastEdited`, `Created`, `CanViewType`, `CanEditType`, `URLSegment`, `Title`, `MenuTitle`, `Content`, `MetaDescription`, `ExtraMeta`, `ShowInMenus`, `ShowInSearch`, `Sort`, `HasBrokenFile`, `HasBrokenLink`, `ReportClass`, `ParentID`) VALUES
(1, 1, 1, 0, 0, 1, 0, 0, 'Page', '2018-09-09 11:33:07', '2018-09-09 11:33:07', 'Inherit', 'Inherit', 'home', 'Startseite', NULL, '<p>Willkommen bei SilverStripe! Sie sehen hier die standard Homepage. Diese können Sie im <a href=\"admin/\">CMS</a> bearbeiten.</p><p>Sie können auch die englische  <a href=\"http://docs.silverstripe.org\">Dokumentation für Entwickler</a> lesen oder mit den <a href=\"http://www.silverstripe.org/learn/lessons\">SilverStripe lessons</a> lernen, wie Sie das CMS an Ihre Bedürfnisse anpassen.</p>', NULL, NULL, 1, 1, 1, 0, 0, NULL, 0),
(2, 1, 2, 1, 0, 1, 0, 0, 'Page', '2018-09-09 11:33:07', '2018-09-09 11:33:07', 'Inherit', 'Inherit', 'home', 'Startseite', NULL, '<p>Willkommen bei SilverStripe! Sie sehen hier die standard Homepage. Diese können Sie im <a href=\"admin/\">CMS</a> bearbeiten.</p><p>Sie können auch die englische  <a href=\"http://docs.silverstripe.org\">Dokumentation für Entwickler</a> lesen oder mit den <a href=\"http://www.silverstripe.org/learn/lessons\">SilverStripe lessons</a> lernen, wie Sie das CMS an Ihre Bedürfnisse anpassen.</p>', NULL, NULL, 1, 1, 1, 0, 0, NULL, 0),
(3, 2, 1, 0, 0, 1, 0, 0, 'Page', '2018-09-09 11:33:07', '2018-09-09 11:33:07', 'Inherit', 'Inherit', 'ueber-uns', 'Über uns', NULL, '<p>You can fill this page out with your own content, or delete it and create your own pages.</p>', NULL, NULL, 1, 1, 2, 0, 0, NULL, 0),
(4, 2, 2, 1, 0, 1, 0, 0, 'Page', '2018-09-09 11:33:07', '2018-09-09 11:33:07', 'Inherit', 'Inherit', 'ueber-uns', 'Über uns', NULL, '<p>You can fill this page out with your own content, or delete it and create your own pages.</p>', NULL, NULL, 1, 1, 2, 0, 0, NULL, 0),
(5, 3, 1, 0, 0, 1, 0, 0, 'Page', '2018-09-09 11:33:07', '2018-09-09 11:33:07', 'Inherit', 'Inherit', 'kontakt', 'Kontakt', NULL, '<p>You can fill this page out with your own content, or delete it and create your own pages.</p>', NULL, NULL, 1, 1, 3, 0, 0, NULL, 0),
(6, 3, 2, 1, 0, 1, 0, 0, 'Page', '2018-09-09 11:33:07', '2018-09-09 11:33:07', 'Inherit', 'Inherit', 'kontakt', 'Kontakt', NULL, '<p>You can fill this page out with your own content, or delete it and create your own pages.</p>', NULL, NULL, 1, 1, 3, 0, 0, NULL, 0),
(7, 4, 1, 0, 0, 1, 0, 0, 'SilverStripe\\ErrorPage\\ErrorPage', '2018-09-09 11:33:07', '2018-09-09 11:33:07', 'Inherit', 'Inherit', 'seite-nicht-gefunden', 'Seite nicht gefunden', NULL, '<p>Entschuldigung, möglicherweise versuchen Sie eine Seite zu erreichen die nicht existiert.</p><p>Bitte überprüfen Sie die Schreibweise der URL die Sie versucht haben zu erreichen und versuchen Sie es noch einmal.</p>', NULL, NULL, 0, 0, 4, 0, 0, NULL, 0),
(8, 4, 2, 1, 0, 1, 0, 0, 'SilverStripe\\ErrorPage\\ErrorPage', '2018-09-09 11:33:07', '2018-09-09 11:33:07', 'Inherit', 'Inherit', 'seite-nicht-gefunden', 'Seite nicht gefunden', NULL, '<p>Entschuldigung, möglicherweise versuchen Sie eine Seite zu erreichen die nicht existiert.</p><p>Bitte überprüfen Sie die Schreibweise der URL die Sie versucht haben zu erreichen und versuchen Sie es noch einmal.</p>', NULL, NULL, 0, 0, 4, 0, 0, NULL, 0),
(9, 5, 1, 0, 0, 1, 0, 0, 'SilverStripe\\ErrorPage\\ErrorPage', '2018-09-09 11:33:07', '2018-09-09 11:33:07', 'Inherit', 'Inherit', 'serverfehler', 'Serverfehler', NULL, '<p>Entschuldigung, bei der Bearbeitung ihrer Anfrage ist ein Problem aufgetreten.</p>', NULL, NULL, 0, 0, 5, 0, 0, NULL, 0),
(10, 5, 2, 1, 0, 1, 0, 0, 'SilverStripe\\ErrorPage\\ErrorPage', '2018-09-09 11:33:07', '2018-09-09 11:33:07', 'Inherit', 'Inherit', 'serverfehler', 'Serverfehler', NULL, '<p>Entschuldigung, bei der Bearbeitung ihrer Anfrage ist ein Problem aufgetreten.</p>', NULL, NULL, 0, 0, 5, 0, 0, NULL, 0),
(11, 6, 1, 0, 0, 1, 1, 0, 'Symbiote\\MemberProfiles\\Pages\\MemberProfilePage', '2019-01-14 20:35:50', '2019-01-14 20:35:50', 'Inherit', 'Inherit', 'neue-member-profile-page', 'Neue Member Profile Page', NULL, NULL, NULL, NULL, 1, 1, 6, 0, 0, NULL, 0),
(12, 6, 2, 0, 0, 1, 1, 0, 'Symbiote\\MemberProfiles\\Pages\\MemberProfilePage', '2019-01-14 21:24:09', '2019-01-14 20:35:50', 'Inherit', 'Inherit', 'benutzer', 'Benutzer', NULL, NULL, NULL, NULL, 1, 1, 6, 0, 0, NULL, 0),
(13, 6, 3, 1, 0, 1, 1, 1, 'Symbiote\\MemberProfiles\\Pages\\MemberProfilePage', '2019-01-14 21:24:48', '2019-01-14 20:35:50', 'Inherit', 'Inherit', 'benutzer', 'Benutzer', NULL, NULL, NULL, NULL, 1, 1, 6, 0, 0, NULL, 0),
(14, 6, 4, 0, 0, 1, 1, 0, 'Symbiote\\MemberProfiles\\Pages\\MemberProfilePage', '2019-01-14 22:55:19', '2019-01-14 20:35:50', 'Inherit', 'Inherit', 'profil', 'Profil', NULL, NULL, NULL, NULL, 1, 1, 6, 0, 0, NULL, 0),
(15, 6, 5, 1, 0, 1, 1, 1, 'Symbiote\\MemberProfiles\\Pages\\MemberProfilePage', '2019-01-14 22:55:33', '2019-01-14 20:35:50', 'Inherit', 'Inherit', 'profil', 'Profil', NULL, NULL, NULL, NULL, 1, 1, 6, 0, 0, NULL, 0),
(16, 6, 6, 0, 0, 1, 1, 0, 'Symbiote\\MemberProfiles\\Pages\\MemberProfilePage', '2019-01-16 20:01:44', '2019-01-14 20:35:50', 'Inherit', 'Inherit', 'profil', 'Profil', NULL, NULL, NULL, NULL, 1, 1, 6, 0, 0, NULL, 0),
(17, 6, 7, 0, 0, 1, 1, 0, 'Symbiote\\MemberProfiles\\Pages\\MemberProfilePage', '2019-01-16 20:09:43', '2019-01-14 20:35:50', 'Inherit', 'Inherit', 'profil', 'Profil', NULL, NULL, NULL, NULL, 1, 1, 6, 0, 0, NULL, 0),
(18, 6, 8, 1, 0, 1, 1, 1, 'Symbiote\\MemberProfiles\\Pages\\MemberProfilePage', '2019-01-16 20:09:58', '2019-01-14 20:35:50', 'Inherit', 'Inherit', 'profil', 'Profil', NULL, NULL, NULL, NULL, 1, 1, 6, 0, 0, NULL, 0),
(19, 7, 1, 0, 0, 1, 1, 0, 'Page', '2019-01-16 20:12:53', '2019-01-16 20:12:53', 'Inherit', 'Inherit', 'neue-page', 'Neue Page', NULL, NULL, NULL, NULL, 1, 1, 7, 0, 0, NULL, 0),
(20, 7, 2, 0, 0, 1, 1, 0, 'Page', '2019-01-16 20:15:48', '2019-01-16 20:12:53', 'Inherit', 'Inherit', 'verein', 'Verein', NULL, '<h2>Über uns</h2><p>Der Verein \"Streunerkatzen OÖ - Verein zum Schutz verwilderter Katzen\" wurde am 17.08.2006 gegründet.</p><p>Streunerkatzen sind für viele Menschen wie Ratten oder Tauben, sprich Ungeziefer und somit nicht erwünscht. Die meisten Katzen jedoch stammen vorwiegend von Bauernhöfen oder ausgesetzten, unkastrierten Katzen ab.<br>Man findet sie überall: im ländlichen Bereich genauso wie mitten in den Städten.</p><p>Leider geht es den meisten verwilderten Katzen nicht gut. Sie leben unter den widrigsten Bedingungen und müssen sich im kalten Winter durchschlagen. Neben natürlichen Feinden wie Marder, Hunde, etc.. kommen natürlich auch noch die Menschen, die die Katzen entweder \"nur\" verjagen, misshandeln oder gar töten.</p><p>Das Hauptziel des Vereines ist es diesen Katzen zu helfen. Wir klären über die Entstehung dieser wilden Katzenpopulation auf. Es werden Einfang- und Kastrationsaktionen durchgeführt, Futterstellen eingerichtet und den Katzen Unterschlupfmöglichkeiten bereitgestellt. Unter diesen Bedingungen (Kastration, regelmässiges Futter und trockener und im Winter vor allem warmer Unterschlupf) führen diese Katzen ein relativ glückliches Leben.</p><p>Natürlich genügt es nicht nur die bereits draussen lebenden Streuner zu kastrieren sondern auch die Menschen davon zu überzeugen auch ihre zutraulichen \"Haus\"katzen zu kastrieren. Wie oft kommt es vor, dass eine Katze, die Besitzer hat, sich in einen Schuppen zurückzieht und dort ihre Babies bekommt und diese aufzieht. Die Kleinen sind Menschen nicht gewohnt und folgen zum Teil gar nicht der Mutter ins \"warme\" zu Hause, sondern gehen bald ihre eigenen Wege und pflanzen sich wiederum fort.</p><p><strong>Jeder, der seine unkastrierte Katze draussen frei herumlaufen lässt, trägt zur Entstehung oder Vergrößerung der verwilderten Katzenpopulationen bei!</strong></p><h2>Team</h2><p>teamfotos und so...</p><h2>Statistik</h2><p>ganz viele zahlen...</p>', NULL, NULL, 1, 1, 7, 0, 0, NULL, 0);

-- --------------------------------------------------------

--
-- Table structure for table `sitetree_viewergroups`
--

CREATE TABLE `sitetree_viewergroups` (
  `ID` int(11) NOT NULL,
  `SiteTreeID` int(11) NOT NULL DEFAULT '0',
  `GroupID` int(11) NOT NULL DEFAULT '0'
) ENGINE=InnoDB DEFAULT CHARSET=utf8;

-- --------------------------------------------------------

--
-- Table structure for table `streunerkatzen_cat`
--

CREATE TABLE `streunerkatzen_cat` (
  `ID` int(11) NOT NULL,
  `ClassName` enum('Streunerkatzen\\Cat') DEFAULT 'Streunerkatzen\\Cat',
  `LastEdited` datetime DEFAULT NULL,
  `Created` datetime DEFAULT NULL,
  `Title` varchar(250) DEFAULT NULL,
  `PublishTime` datetime DEFAULT NULL,
  `Age` varchar(250) DEFAULT NULL,
  `HasPetCollar` tinyint(1) UNSIGNED NOT NULL DEFAULT '0',
  `PetCollarDescription` varchar(250) DEFAULT NULL,
  `Characteristics` varchar(500) DEFAULT NULL,
  `ColorCharacteristics` varchar(500) DEFAULT NULL,
  `EyeColor` varchar(50) DEFAULT NULL,
  `ChipNumber` varchar(100) DEFAULT NULL,
  `Tattoo` varchar(250) DEFAULT NULL,
  `Breed` varchar(250) DEFAULT NULL,
  `BehaviourOwner` varchar(500) DEFAULT NULL,
  `BehaviourStranger` varchar(500) DEFAULT NULL,
  `LostFoundDate` date DEFAULT NULL,
  `Street` varchar(250) DEFAULT NULL,
  `Town` varchar(250) DEFAULT NULL,
  `Zipcode` int(11) NOT NULL DEFAULT '0',
  `Country` varchar(250) DEFAULT NULL,
  `LostFoundDescription` varchar(1000) DEFAULT NULL,
  `MoreInfo` varchar(1000) DEFAULT NULL,
  `LostFoundTimeID` int(11) NOT NULL DEFAULT '0',
  `LostFoundTime` enum('nicht bekannt','morgens/vormittags','mittags/nachmittags','abends/nachts') DEFAULT 'nicht bekannt'
) ENGINE=InnoDB DEFAULT CHARSET=utf8;

-- --------------------------------------------------------

--
-- Table structure for table `streunerkatzen_lostfoundtime`
--

CREATE TABLE `streunerkatzen_lostfoundtime` (
  `ID` int(11) NOT NULL,
  `ClassName` enum('Streunerkatzen\\LostFoundTime') DEFAULT 'Streunerkatzen\\LostFoundTime',
  `LastEdited` datetime DEFAULT NULL,
  `Created` datetime DEFAULT NULL,
  `Name` varchar(50) DEFAULT NULL
) ENGINE=InnoDB DEFAULT CHARSET=utf8;

-- --------------------------------------------------------

--
-- Table structure for table `virtualpage`
--

CREATE TABLE `virtualpage` (
  `ID` int(11) NOT NULL,
  `VersionID` int(11) NOT NULL DEFAULT '0',
  `CopyContentFromID` int(11) NOT NULL DEFAULT '0'
) ENGINE=InnoDB DEFAULT CHARSET=utf8;

-- --------------------------------------------------------

--
-- Table structure for table `virtualpage_live`
--

CREATE TABLE `virtualpage_live` (
  `ID` int(11) NOT NULL,
  `VersionID` int(11) NOT NULL DEFAULT '0',
  `CopyContentFromID` int(11) NOT NULL DEFAULT '0'
) ENGINE=InnoDB DEFAULT CHARSET=utf8;

-- --------------------------------------------------------

--
-- Table structure for table `virtualpage_versions`
--

CREATE TABLE `virtualpage_versions` (
  `ID` int(11) NOT NULL,
  `RecordID` int(11) NOT NULL DEFAULT '0',
  `Version` int(11) NOT NULL DEFAULT '0',
  `VersionID` int(11) NOT NULL DEFAULT '0',
  `CopyContentFromID` int(11) NOT NULL DEFAULT '0'
) ENGINE=InnoDB DEFAULT CHARSET=utf8;

--
-- Indexes for dumped tables
--

--
-- Indexes for table `changeset`
--
ALTER TABLE `changeset`
  ADD PRIMARY KEY (`ID`),
  ADD KEY `State` (`State`),
  ADD KEY `ID` (`ID`),
  ADD KEY `ClassName` (`ClassName`),
  ADD KEY `OwnerID` (`OwnerID`),
  ADD KEY `PublisherID` (`PublisherID`);

--
-- Indexes for table `changesetitem`
--
ALTER TABLE `changesetitem`
  ADD PRIMARY KEY (`ID`),
  ADD UNIQUE KEY `ObjectUniquePerChangeSet` (`ObjectID`,`ObjectClass`,`ChangeSetID`),
  ADD KEY `ClassName` (`ClassName`),
  ADD KEY `ChangeSetID` (`ChangeSetID`),
  ADD KEY `Object` (`ObjectID`,`ObjectClass`);

--
-- Indexes for table `changesetitem_referencedby`
--
ALTER TABLE `changesetitem_referencedby`
  ADD PRIMARY KEY (`ID`),
  ADD KEY `ChangeSetItemID` (`ChangeSetItemID`),
  ADD KEY `ChildID` (`ChildID`);

--
-- Indexes for table `data_cats`
--
ALTER TABLE `data_cats`
  ADD PRIMARY KEY (`ID`),
  ADD KEY `ClassName` (`ClassName`),
  ADD KEY `LostFoundTimeID` (`LostFoundTimeID`),
  ADD KEY `LostFoundStatusID` (`LostFoundStatusID`),
  ADD KEY `HairLengthID` (`HairLengthID`),
  ADD KEY `HairColorID` (`HairColorID`),
  ADD KEY `ReporterID` (`ReporterID`),
  ADD KEY `OwnerID` (`OwnerID`);

--
-- Indexes for table `data_cats_attachments`
--
ALTER TABLE `data_cats_attachments`
  ADD PRIMARY KEY (`ID`),
  ADD KEY `data_CatsID` (`data_CatsID`),
  ADD KEY `FileID` (`FileID`);

--
-- Indexes for table `data_users`
--
ALTER TABLE `data_users`
  ADD PRIMARY KEY (`ID`),
  ADD KEY `ClassName` (`ClassName`);

--
-- Indexes for table `errorpage`
--
ALTER TABLE `errorpage`
  ADD PRIMARY KEY (`ID`);

--
-- Indexes for table `errorpage_live`
--
ALTER TABLE `errorpage_live`
  ADD PRIMARY KEY (`ID`);

--
-- Indexes for table `errorpage_versions`
--
ALTER TABLE `errorpage_versions`
  ADD PRIMARY KEY (`ID`),
  ADD UNIQUE KEY `RecordID_Version` (`RecordID`,`Version`),
  ADD KEY `RecordID` (`RecordID`),
  ADD KEY `Version` (`Version`);

--
-- Indexes for table `fields_haircolor`
--
ALTER TABLE `fields_haircolor`
  ADD PRIMARY KEY (`ID`),
  ADD KEY `ClassName` (`ClassName`);

--
-- Indexes for table `fields_hairlength`
--
ALTER TABLE `fields_hairlength`
  ADD PRIMARY KEY (`ID`),
  ADD KEY `ClassName` (`ClassName`);

--
-- Indexes for table `fields_lostfoundstatus`
--
ALTER TABLE `fields_lostfoundstatus`
  ADD PRIMARY KEY (`ID`),
  ADD KEY `ClassName` (`ClassName`);

--
-- Indexes for table `fields_lostfoundtime`
--
ALTER TABLE `fields_lostfoundtime`
  ADD PRIMARY KEY (`ID`),
  ADD KEY `ClassName` (`ClassName`);

--
-- Indexes for table `file`
--
ALTER TABLE `file`
  ADD PRIMARY KEY (`ID`),
  ADD KEY `Name` (`Name`),
  ADD KEY `ClassName` (`ClassName`),
  ADD KEY `ParentID` (`ParentID`),
  ADD KEY `OwnerID` (`OwnerID`);

--
-- Indexes for table `filelink`
--
ALTER TABLE `filelink`
  ADD PRIMARY KEY (`ID`),
  ADD KEY `ClassName` (`ClassName`),
  ADD KEY `LinkedID` (`LinkedID`),
  ADD KEY `Parent` (`ParentID`,`ParentClass`);

--
-- Indexes for table `file_editorgroups`
--
ALTER TABLE `file_editorgroups`
  ADD PRIMARY KEY (`ID`),
  ADD KEY `FileID` (`FileID`),
  ADD KEY `GroupID` (`GroupID`);

--
-- Indexes for table `file_live`
--
ALTER TABLE `file_live`
  ADD PRIMARY KEY (`ID`),
  ADD KEY `Name` (`Name`),
  ADD KEY `ClassName` (`ClassName`),
  ADD KEY `ParentID` (`ParentID`),
  ADD KEY `OwnerID` (`OwnerID`);

--
-- Indexes for table `file_versions`
--
ALTER TABLE `file_versions`
  ADD PRIMARY KEY (`ID`),
  ADD KEY `RecordID_Version` (`RecordID`,`Version`),
  ADD KEY `RecordID` (`RecordID`),
  ADD KEY `Version` (`Version`),
  ADD KEY `AuthorID` (`AuthorID`),
  ADD KEY `PublisherID` (`PublisherID`),
  ADD KEY `Name` (`Name`),
  ADD KEY `ClassName` (`ClassName`),
  ADD KEY `ParentID` (`ParentID`),
  ADD KEY `OwnerID` (`OwnerID`);

--
-- Indexes for table `file_viewergroups`
--
ALTER TABLE `file_viewergroups`
  ADD PRIMARY KEY (`ID`),
  ADD KEY `FileID` (`FileID`),
  ADD KEY `GroupID` (`GroupID`);

--
-- Indexes for table `group`
--
ALTER TABLE `group`
  ADD PRIMARY KEY (`ID`),
  ADD KEY `ClassName` (`ClassName`),
  ADD KEY `ParentID` (`ParentID`);

--
-- Indexes for table `group_members`
--
ALTER TABLE `group_members`
  ADD PRIMARY KEY (`ID`),
  ADD KEY `GroupID` (`GroupID`),
  ADD KEY `MemberID` (`MemberID`);

--
-- Indexes for table `group_roles`
--
ALTER TABLE `group_roles`
  ADD PRIMARY KEY (`ID`),
  ADD KEY `GroupID` (`GroupID`),
  ADD KEY `PermissionRoleID` (`PermissionRoleID`);

--
-- Indexes for table `loginattempt`
--
ALTER TABLE `loginattempt`
  ADD PRIMARY KEY (`ID`),
  ADD KEY `ClassName` (`ClassName`),
  ADD KEY `MemberID` (`MemberID`);

--
-- Indexes for table `member`
--
ALTER TABLE `member`
  ADD PRIMARY KEY (`ID`),
  ADD KEY `Surname` (`Surname`),
  ADD KEY `FirstName` (`FirstName`),
  ADD KEY `ClassName` (`ClassName`),
  ADD KEY `Email` (`Email`),
  ADD KEY `ProfilePageID` (`ProfilePageID`);

--
-- Indexes for table `memberpassword`
--
ALTER TABLE `memberpassword`
  ADD PRIMARY KEY (`ID`),
  ADD KEY `ClassName` (`ClassName`),
  ADD KEY `MemberID` (`MemberID`);

--
-- Indexes for table `memberprofilefield`
--
ALTER TABLE `memberprofilefield`
  ADD PRIMARY KEY (`ID`),
  ADD KEY `Sort` (`Sort`),
  ADD KEY `ClassName` (`ClassName`),
  ADD KEY `ProfilePageID` (`ProfilePageID`);

--
-- Indexes for table `memberprofilefield_live`
--
ALTER TABLE `memberprofilefield_live`
  ADD PRIMARY KEY (`ID`),
  ADD KEY `Sort` (`Sort`),
  ADD KEY `ClassName` (`ClassName`),
  ADD KEY `ProfilePageID` (`ProfilePageID`);

--
-- Indexes for table `memberprofilefield_versions`
--
ALTER TABLE `memberprofilefield_versions`
  ADD PRIMARY KEY (`ID`),
  ADD KEY `RecordID_Version` (`RecordID`,`Version`),
  ADD KEY `RecordID` (`RecordID`),
  ADD KEY `Version` (`Version`),
  ADD KEY `AuthorID` (`AuthorID`),
  ADD KEY `PublisherID` (`PublisherID`),
  ADD KEY `Sort` (`Sort`),
  ADD KEY `ClassName` (`ClassName`),
  ADD KEY `ProfilePageID` (`ProfilePageID`);

--
-- Indexes for table `memberprofilepage`
--
ALTER TABLE `memberprofilepage`
  ADD PRIMARY KEY (`ID`),
  ADD KEY `PostRegistrationTargetID` (`PostRegistrationTargetID`);

--
-- Indexes for table `memberprofilepage_approvalgroups`
--
ALTER TABLE `memberprofilepage_approvalgroups`
  ADD PRIMARY KEY (`ID`),
  ADD KEY `MemberProfilePageID` (`MemberProfilePageID`),
  ADD KEY `GroupID` (`GroupID`);

--
-- Indexes for table `memberprofilepage_groups`
--
ALTER TABLE `memberprofilepage_groups`
  ADD PRIMARY KEY (`ID`),
  ADD KEY `MemberProfilePageID` (`MemberProfilePageID`),
  ADD KEY `GroupID` (`GroupID`);

--
-- Indexes for table `memberprofilepage_live`
--
ALTER TABLE `memberprofilepage_live`
  ADD PRIMARY KEY (`ID`),
  ADD KEY `PostRegistrationTargetID` (`PostRegistrationTargetID`);

--
-- Indexes for table `memberprofilepage_selectablegroups`
--
ALTER TABLE `memberprofilepage_selectablegroups`
  ADD PRIMARY KEY (`ID`),
  ADD KEY `MemberProfilePageID` (`MemberProfilePageID`),
  ADD KEY `GroupID` (`GroupID`);

--
-- Indexes for table `memberprofilepage_versions`
--
ALTER TABLE `memberprofilepage_versions`
  ADD PRIMARY KEY (`ID`),
  ADD UNIQUE KEY `RecordID_Version` (`RecordID`,`Version`),
  ADD KEY `RecordID` (`RecordID`),
  ADD KEY `Version` (`Version`),
  ADD KEY `PostRegistrationTargetID` (`PostRegistrationTargetID`);

--
-- Indexes for table `memberprofilesection`
--
ALTER TABLE `memberprofilesection`
  ADD PRIMARY KEY (`ID`),
  ADD KEY `ClassName` (`ClassName`),
  ADD KEY `ParentID` (`ParentID`);

--
-- Indexes for table `memberprofilesection_live`
--
ALTER TABLE `memberprofilesection_live`
  ADD PRIMARY KEY (`ID`),
  ADD KEY `ClassName` (`ClassName`),
  ADD KEY `ParentID` (`ParentID`);

--
-- Indexes for table `memberprofilesection_versions`
--
ALTER TABLE `memberprofilesection_versions`
  ADD PRIMARY KEY (`ID`),
  ADD KEY `RecordID_Version` (`RecordID`,`Version`),
  ADD KEY `RecordID` (`RecordID`),
  ADD KEY `Version` (`Version`),
  ADD KEY `AuthorID` (`AuthorID`),
  ADD KEY `PublisherID` (`PublisherID`),
  ADD KEY `ClassName` (`ClassName`),
  ADD KEY `ParentID` (`ParentID`);

--
-- Indexes for table `permission`
--
ALTER TABLE `permission`
  ADD PRIMARY KEY (`ID`),
  ADD KEY `ClassName` (`ClassName`),
  ADD KEY `GroupID` (`GroupID`),
  ADD KEY `Code` (`Code`);

--
-- Indexes for table `permissionrole`
--
ALTER TABLE `permissionrole`
  ADD PRIMARY KEY (`ID`),
  ADD KEY `Title` (`Title`),
  ADD KEY `ClassName` (`ClassName`);

--
-- Indexes for table `permissionrolecode`
--
ALTER TABLE `permissionrolecode`
  ADD PRIMARY KEY (`ID`),
  ADD KEY `ClassName` (`ClassName`),
  ADD KEY `RoleID` (`RoleID`);

--
-- Indexes for table `redirectorpage`
--
ALTER TABLE `redirectorpage`
  ADD PRIMARY KEY (`ID`),
  ADD KEY `LinkToID` (`LinkToID`);

--
-- Indexes for table `redirectorpage_live`
--
ALTER TABLE `redirectorpage_live`
  ADD PRIMARY KEY (`ID`),
  ADD KEY `LinkToID` (`LinkToID`);

--
-- Indexes for table `redirectorpage_versions`
--
ALTER TABLE `redirectorpage_versions`
  ADD PRIMARY KEY (`ID`),
  ADD UNIQUE KEY `RecordID_Version` (`RecordID`,`Version`),
  ADD KEY `RecordID` (`RecordID`),
  ADD KEY `Version` (`Version`),
  ADD KEY `LinkToID` (`LinkToID`);

--
-- Indexes for table `rememberloginhash`
--
ALTER TABLE `rememberloginhash`
  ADD PRIMARY KEY (`ID`),
  ADD KEY `ClassName` (`ClassName`),
  ADD KEY `MemberID` (`MemberID`),
  ADD KEY `DeviceID` (`DeviceID`),
  ADD KEY `Hash` (`Hash`);

--
-- Indexes for table `siteconfig`
--
ALTER TABLE `siteconfig`
  ADD PRIMARY KEY (`ID`),
  ADD KEY `ClassName` (`ClassName`);

--
-- Indexes for table `siteconfig_createtoplevelgroups`
--
ALTER TABLE `siteconfig_createtoplevelgroups`
  ADD PRIMARY KEY (`ID`),
  ADD KEY `SiteConfigID` (`SiteConfigID`),
  ADD KEY `GroupID` (`GroupID`);

--
-- Indexes for table `siteconfig_editorgroups`
--
ALTER TABLE `siteconfig_editorgroups`
  ADD PRIMARY KEY (`ID`),
  ADD KEY `SiteConfigID` (`SiteConfigID`),
  ADD KEY `GroupID` (`GroupID`);

--
-- Indexes for table `siteconfig_viewergroups`
--
ALTER TABLE `siteconfig_viewergroups`
  ADD PRIMARY KEY (`ID`),
  ADD KEY `SiteConfigID` (`SiteConfigID`),
  ADD KEY `GroupID` (`GroupID`);

--
-- Indexes for table `sitetree`
--
ALTER TABLE `sitetree`
  ADD PRIMARY KEY (`ID`),
  ADD KEY `Sort` (`Sort`),
  ADD KEY `ClassName` (`ClassName`),
  ADD KEY `ParentID` (`ParentID`),
  ADD KEY `URLSegment` (`URLSegment`);

--
-- Indexes for table `sitetreelink`
--
ALTER TABLE `sitetreelink`
  ADD PRIMARY KEY (`ID`),
  ADD KEY `ClassName` (`ClassName`),
  ADD KEY `LinkedID` (`LinkedID`),
  ADD KEY `Parent` (`ParentID`,`ParentClass`);

--
-- Indexes for table `sitetree_editorgroups`
--
ALTER TABLE `sitetree_editorgroups`
  ADD PRIMARY KEY (`ID`),
  ADD KEY `SiteTreeID` (`SiteTreeID`),
  ADD KEY `GroupID` (`GroupID`);

--
-- Indexes for table `sitetree_live`
--
ALTER TABLE `sitetree_live`
  ADD PRIMARY KEY (`ID`),
  ADD KEY `Sort` (`Sort`),
  ADD KEY `ClassName` (`ClassName`),
  ADD KEY `ParentID` (`ParentID`),
  ADD KEY `URLSegment` (`URLSegment`);

--
-- Indexes for table `sitetree_versions`
--
ALTER TABLE `sitetree_versions`
  ADD PRIMARY KEY (`ID`),
  ADD KEY `RecordID_Version` (`RecordID`,`Version`),
  ADD KEY `RecordID` (`RecordID`),
  ADD KEY `Version` (`Version`),
  ADD KEY `AuthorID` (`AuthorID`),
  ADD KEY `PublisherID` (`PublisherID`),
  ADD KEY `Sort` (`Sort`),
  ADD KEY `ClassName` (`ClassName`),
  ADD KEY `ParentID` (`ParentID`),
  ADD KEY `URLSegment` (`URLSegment`);

--
-- Indexes for table `sitetree_viewergroups`
--
ALTER TABLE `sitetree_viewergroups`
  ADD PRIMARY KEY (`ID`),
  ADD KEY `SiteTreeID` (`SiteTreeID`),
  ADD KEY `GroupID` (`GroupID`);

--
-- Indexes for table `streunerkatzen_cat`
--
ALTER TABLE `streunerkatzen_cat`
  ADD PRIMARY KEY (`ID`),
  ADD KEY `ClassName` (`ClassName`),
  ADD KEY `LostFoundTimeID` (`LostFoundTimeID`);

--
-- Indexes for table `streunerkatzen_lostfoundtime`
--
ALTER TABLE `streunerkatzen_lostfoundtime`
  ADD PRIMARY KEY (`ID`),
  ADD KEY `ClassName` (`ClassName`);

--
-- Indexes for table `virtualpage`
--
ALTER TABLE `virtualpage`
  ADD PRIMARY KEY (`ID`),
  ADD KEY `CopyContentFromID` (`CopyContentFromID`);

--
-- Indexes for table `virtualpage_live`
--
ALTER TABLE `virtualpage_live`
  ADD PRIMARY KEY (`ID`),
  ADD KEY `CopyContentFromID` (`CopyContentFromID`);

--
-- Indexes for table `virtualpage_versions`
--
ALTER TABLE `virtualpage_versions`
  ADD PRIMARY KEY (`ID`),
  ADD UNIQUE KEY `RecordID_Version` (`RecordID`,`Version`),
  ADD KEY `RecordID` (`RecordID`),
  ADD KEY `Version` (`Version`),
  ADD KEY `CopyContentFromID` (`CopyContentFromID`);

--
-- AUTO_INCREMENT for dumped tables
--

--
-- AUTO_INCREMENT for table `changeset`
--
ALTER TABLE `changeset`
  MODIFY `ID` int(11) NOT NULL AUTO_INCREMENT, AUTO_INCREMENT=25;

--
-- AUTO_INCREMENT for table `changesetitem`
--
ALTER TABLE `changesetitem`
  MODIFY `ID` int(11) NOT NULL AUTO_INCREMENT, AUTO_INCREMENT=46;

--
-- AUTO_INCREMENT for table `changesetitem_referencedby`
--
ALTER TABLE `changesetitem_referencedby`
  MODIFY `ID` int(11) NOT NULL AUTO_INCREMENT, AUTO_INCREMENT=22;

--
-- AUTO_INCREMENT for table `data_cats`
--
ALTER TABLE `data_cats`
  MODIFY `ID` int(11) NOT NULL AUTO_INCREMENT, AUTO_INCREMENT=11;

--
-- AUTO_INCREMENT for table `data_cats_attachments`
--
ALTER TABLE `data_cats_attachments`
  MODIFY `ID` int(11) NOT NULL AUTO_INCREMENT;

--
-- AUTO_INCREMENT for table `data_users`
--
ALTER TABLE `data_users`
  MODIFY `ID` int(11) NOT NULL AUTO_INCREMENT;

--
-- AUTO_INCREMENT for table `errorpage`
--
ALTER TABLE `errorpage`
  MODIFY `ID` int(11) NOT NULL AUTO_INCREMENT, AUTO_INCREMENT=6;

--
-- AUTO_INCREMENT for table `errorpage_live`
--
ALTER TABLE `errorpage_live`
  MODIFY `ID` int(11) NOT NULL AUTO_INCREMENT, AUTO_INCREMENT=6;

--
-- AUTO_INCREMENT for table `errorpage_versions`
--
ALTER TABLE `errorpage_versions`
  MODIFY `ID` int(11) NOT NULL AUTO_INCREMENT, AUTO_INCREMENT=5;

--
-- AUTO_INCREMENT for table `fields_haircolor`
--
ALTER TABLE `fields_haircolor`
  MODIFY `ID` int(11) NOT NULL AUTO_INCREMENT, AUTO_INCREMENT=31;

--
-- AUTO_INCREMENT for table `fields_hairlength`
--
ALTER TABLE `fields_hairlength`
  MODIFY `ID` int(11) NOT NULL AUTO_INCREMENT, AUTO_INCREMENT=5;

--
-- AUTO_INCREMENT for table `fields_lostfoundstatus`
--
ALTER TABLE `fields_lostfoundstatus`
  MODIFY `ID` int(11) NOT NULL AUTO_INCREMENT, AUTO_INCREMENT=4;

--
-- AUTO_INCREMENT for table `fields_lostfoundtime`
--
ALTER TABLE `fields_lostfoundtime`
  MODIFY `ID` int(11) NOT NULL AUTO_INCREMENT, AUTO_INCREMENT=6;

--
-- AUTO_INCREMENT for table `file`
--
ALTER TABLE `file`
  MODIFY `ID` int(11) NOT NULL AUTO_INCREMENT, AUTO_INCREMENT=2;

--
-- AUTO_INCREMENT for table `filelink`
--
ALTER TABLE `filelink`
  MODIFY `ID` int(11) NOT NULL AUTO_INCREMENT;

--
-- AUTO_INCREMENT for table `file_editorgroups`
--
ALTER TABLE `file_editorgroups`
  MODIFY `ID` int(11) NOT NULL AUTO_INCREMENT;

--
-- AUTO_INCREMENT for table `file_live`
--
ALTER TABLE `file_live`
  MODIFY `ID` int(11) NOT NULL AUTO_INCREMENT, AUTO_INCREMENT=2;

--
-- AUTO_INCREMENT for table `file_versions`
--
ALTER TABLE `file_versions`
  MODIFY `ID` int(11) NOT NULL AUTO_INCREMENT, AUTO_INCREMENT=3;

--
-- AUTO_INCREMENT for table `file_viewergroups`
--
ALTER TABLE `file_viewergroups`
  MODIFY `ID` int(11) NOT NULL AUTO_INCREMENT;

--
-- AUTO_INCREMENT for table `group`
--
ALTER TABLE `group`
  MODIFY `ID` int(11) NOT NULL AUTO_INCREMENT, AUTO_INCREMENT=3;

--
-- AUTO_INCREMENT for table `group_members`
--
ALTER TABLE `group_members`
  MODIFY `ID` int(11) NOT NULL AUTO_INCREMENT, AUTO_INCREMENT=2;

--
-- AUTO_INCREMENT for table `group_roles`
--
ALTER TABLE `group_roles`
  MODIFY `ID` int(11) NOT NULL AUTO_INCREMENT;

--
-- AUTO_INCREMENT for table `loginattempt`
--
ALTER TABLE `loginattempt`
  MODIFY `ID` int(11) NOT NULL AUTO_INCREMENT, AUTO_INCREMENT=4;

--
-- AUTO_INCREMENT for table `member`
--
ALTER TABLE `member`
  MODIFY `ID` int(11) NOT NULL AUTO_INCREMENT, AUTO_INCREMENT=12;

--
-- AUTO_INCREMENT for table `memberpassword`
--
ALTER TABLE `memberpassword`
  MODIFY `ID` int(11) NOT NULL AUTO_INCREMENT, AUTO_INCREMENT=12;

--
-- AUTO_INCREMENT for table `memberprofilefield`
--
ALTER TABLE `memberprofilefield`
  MODIFY `ID` int(11) NOT NULL AUTO_INCREMENT, AUTO_INCREMENT=7;

--
-- AUTO_INCREMENT for table `memberprofilefield_live`
--
ALTER TABLE `memberprofilefield_live`
  MODIFY `ID` int(11) NOT NULL AUTO_INCREMENT, AUTO_INCREMENT=7;

--
-- AUTO_INCREMENT for table `memberprofilefield_versions`
--
ALTER TABLE `memberprofilefield_versions`
  MODIFY `ID` int(11) NOT NULL AUTO_INCREMENT, AUTO_INCREMENT=14;

--
-- AUTO_INCREMENT for table `memberprofilepage`
--
ALTER TABLE `memberprofilepage`
  MODIFY `ID` int(11) NOT NULL AUTO_INCREMENT, AUTO_INCREMENT=7;

--
-- AUTO_INCREMENT for table `memberprofilepage_approvalgroups`
--
ALTER TABLE `memberprofilepage_approvalgroups`
  MODIFY `ID` int(11) NOT NULL AUTO_INCREMENT;

--
-- AUTO_INCREMENT for table `memberprofilepage_groups`
--
ALTER TABLE `memberprofilepage_groups`
  MODIFY `ID` int(11) NOT NULL AUTO_INCREMENT;

--
-- AUTO_INCREMENT for table `memberprofilepage_live`
--
ALTER TABLE `memberprofilepage_live`
  MODIFY `ID` int(11) NOT NULL AUTO_INCREMENT, AUTO_INCREMENT=7;

--
-- AUTO_INCREMENT for table `memberprofilepage_selectablegroups`
--
ALTER TABLE `memberprofilepage_selectablegroups`
  MODIFY `ID` int(11) NOT NULL AUTO_INCREMENT;

--
-- AUTO_INCREMENT for table `memberprofilepage_versions`
--
ALTER TABLE `memberprofilepage_versions`
  MODIFY `ID` int(11) NOT NULL AUTO_INCREMENT, AUTO_INCREMENT=9;

--
-- AUTO_INCREMENT for table `memberprofilesection`
--
ALTER TABLE `memberprofilesection`
  MODIFY `ID` int(11) NOT NULL AUTO_INCREMENT, AUTO_INCREMENT=2;

--
-- AUTO_INCREMENT for table `memberprofilesection_live`
--
ALTER TABLE `memberprofilesection_live`
  MODIFY `ID` int(11) NOT NULL AUTO_INCREMENT, AUTO_INCREMENT=2;

--
-- AUTO_INCREMENT for table `memberprofilesection_versions`
--
ALTER TABLE `memberprofilesection_versions`
  MODIFY `ID` int(11) NOT NULL AUTO_INCREMENT, AUTO_INCREMENT=3;

--
-- AUTO_INCREMENT for table `permission`
--
ALTER TABLE `permission`
  MODIFY `ID` int(11) NOT NULL AUTO_INCREMENT, AUTO_INCREMENT=6;

--
-- AUTO_INCREMENT for table `permissionrole`
--
ALTER TABLE `permissionrole`
  MODIFY `ID` int(11) NOT NULL AUTO_INCREMENT;

--
-- AUTO_INCREMENT for table `permissionrolecode`
--
ALTER TABLE `permissionrolecode`
  MODIFY `ID` int(11) NOT NULL AUTO_INCREMENT;

--
-- AUTO_INCREMENT for table `redirectorpage`
--
ALTER TABLE `redirectorpage`
  MODIFY `ID` int(11) NOT NULL AUTO_INCREMENT;

--
-- AUTO_INCREMENT for table `redirectorpage_live`
--
ALTER TABLE `redirectorpage_live`
  MODIFY `ID` int(11) NOT NULL AUTO_INCREMENT;

--
-- AUTO_INCREMENT for table `redirectorpage_versions`
--
ALTER TABLE `redirectorpage_versions`
  MODIFY `ID` int(11) NOT NULL AUTO_INCREMENT;

--
-- AUTO_INCREMENT for table `rememberloginhash`
--
ALTER TABLE `rememberloginhash`
  MODIFY `ID` int(11) NOT NULL AUTO_INCREMENT, AUTO_INCREMENT=4;

--
-- AUTO_INCREMENT for table `siteconfig`
--
ALTER TABLE `siteconfig`
  MODIFY `ID` int(11) NOT NULL AUTO_INCREMENT, AUTO_INCREMENT=2;

--
-- AUTO_INCREMENT for table `siteconfig_createtoplevelgroups`
--
ALTER TABLE `siteconfig_createtoplevelgroups`
  MODIFY `ID` int(11) NOT NULL AUTO_INCREMENT;

--
-- AUTO_INCREMENT for table `siteconfig_editorgroups`
--
ALTER TABLE `siteconfig_editorgroups`
  MODIFY `ID` int(11) NOT NULL AUTO_INCREMENT;

--
-- AUTO_INCREMENT for table `siteconfig_viewergroups`
--
ALTER TABLE `siteconfig_viewergroups`
  MODIFY `ID` int(11) NOT NULL AUTO_INCREMENT;

--
-- AUTO_INCREMENT for table `sitetree`
--
ALTER TABLE `sitetree`
  MODIFY `ID` int(11) NOT NULL AUTO_INCREMENT, AUTO_INCREMENT=8;

--
-- AUTO_INCREMENT for table `sitetreelink`
--
ALTER TABLE `sitetreelink`
  MODIFY `ID` int(11) NOT NULL AUTO_INCREMENT;

--
-- AUTO_INCREMENT for table `sitetree_editorgroups`
--
ALTER TABLE `sitetree_editorgroups`
  MODIFY `ID` int(11) NOT NULL AUTO_INCREMENT;

--
-- AUTO_INCREMENT for table `sitetree_live`
--
ALTER TABLE `sitetree_live`
  MODIFY `ID` int(11) NOT NULL AUTO_INCREMENT, AUTO_INCREMENT=7;

--
-- AUTO_INCREMENT for table `sitetree_versions`
--
ALTER TABLE `sitetree_versions`
  MODIFY `ID` int(11) NOT NULL AUTO_INCREMENT, AUTO_INCREMENT=21;

--
-- AUTO_INCREMENT for table `sitetree_viewergroups`
--
ALTER TABLE `sitetree_viewergroups`
  MODIFY `ID` int(11) NOT NULL AUTO_INCREMENT;

--
-- AUTO_INCREMENT for table `streunerkatzen_cat`
--
ALTER TABLE `streunerkatzen_cat`
  MODIFY `ID` int(11) NOT NULL AUTO_INCREMENT;

--
-- AUTO_INCREMENT for table `streunerkatzen_lostfoundtime`
--
ALTER TABLE `streunerkatzen_lostfoundtime`
  MODIFY `ID` int(11) NOT NULL AUTO_INCREMENT;

--
-- AUTO_INCREMENT for table `virtualpage`
--
ALTER TABLE `virtualpage`
  MODIFY `ID` int(11) NOT NULL AUTO_INCREMENT;

--
-- AUTO_INCREMENT for table `virtualpage_live`
--
ALTER TABLE `virtualpage_live`
  MODIFY `ID` int(11) NOT NULL AUTO_INCREMENT;

--
-- AUTO_INCREMENT for table `virtualpage_versions`
--
ALTER TABLE `virtualpage_versions`
  MODIFY `ID` int(11) NOT NULL AUTO_INCREMENT;
COMMIT;

/*!40101 SET CHARACTER_SET_CLIENT=@OLD_CHARACTER_SET_CLIENT */;
/*!40101 SET CHARACTER_SET_RESULTS=@OLD_CHARACTER_SET_RESULTS */;
/*!40101 SET COLLATION_CONNECTION=@OLD_COLLATION_CONNECTION */;
